Additional Details_ASIN,Additional Details_Batteries,Additional Details_Batteries required,Additional Details_Best Sellers Rank,Additional Details_Customer Reviews,Additional Details_Date First Available,Additional Details_Form Factor,Additional Details_Graphics Card Ram Size,Additional Details_Hard Drive Size,Additional Details_Included Components,Additional Details_Is Discontinued By Manufacturer,Additional Details_Item Weight,Additional Details_Item model number,Additional Details_Manufacturer,Additional Details_Number of Ports,Additional Details_Processor Speed,Additional Details_Product Dimensions,Additional Details_Ram Memory Installed Size,Additional Details_Resolution,Additional Details_Scanner Resolution,Additional Details_Specific instructions for use,Additional Details_Standing screen display size,Additional Details_Total Usb Ports,Additional Details_Warranty Description,New Product Details_ASIN,New Product Details_Additional Features,New Product Details_Audio Output Type,New Product Details_Audio Recording,New Product Details_Audio features,New Product Details_Automatic Backup Software Included,New Product Details_Battery Average Life,New Product Details_Battery Average Life Standby,New Product Details_Battery Cell Type,New Product Details_Best Sellers Rank,New Product Details_Bluetooth Version,New Product Details_Bluetooth support?,New Product Details_Brand Name,New Product Details_CPU Model Generation,New Product Details_CPU Model Number,New Product Details_CPU Model Speed Maximum,New Product Details_Camera Description,New Product Details_Chipset Type,New Product Details_Color,New Product Details_Connectivity Technology,New Product Details_Control Method,New Product Details_Customer Reviews,New Product Details_Display Resolution Maximum,New Product Details_Display Technology,New Product Details_Display Type,New Product Details_Form Factor,New Product Details_Graphics Coprocessor,New Product Details_Graphics Description,New Product Details_Graphics Ram Type,New Product Details_Hard Disk Description,New Product Details_Hard Disk Interface,New Product Details_Hard-Drive Size,New Product Details_Has Color Screen,New Product Details_Human-Interface Input,New Product Details_Included Components,New Product Details_Item Dimensions L x W x Thickness,New Product Details_Keyboard Description,New Product Details_Keyboard Layout,New Product Details_Manufacturer,New Product Details_Microphone Form Factor,New Product Details_Model Name,New Product Details_Model Number,New Product Details_Model Year,New Product Details_Native Resolution,New Product Details_Number of Drivers,New Product Details_Number of Ethernet Ports,New Product Details_Number of Ports,New Product Details_Operating System,New Product Details_Optical Storage Device,New Product Details_Power Device,New Product Details_Processor Brand,New Product Details_Processor Count,New Product Details_Processor Series,New Product Details_Processor Speed,New Product Details_RAM Memory Installed,New Product Details_RAM Memory Slot Total Count,New Product Details_RAM Memory Technology,New Product Details_RAM Type,New Product Details_Ram Memory Maximum Size,New Product Details_Resolution,New Product Details_Screen Finish,New Product Details_Screen Size,New Product Details_Series Number,New Product Details_Speaker Description,New Product Details_Specific Uses For Product,New Product Details_Supported Monitor Maximum Quantity,New Product Details_Total Number of HDMI Ports,New Product Details_Total Thunderbolt Ports,New Product Details_Total Usb Ports,New Product Details_UPC,New Product Details_Video Output,New Product Details_Video Processor,New Product Details_Virtual Reality Ready,New Product Details_Webcam Capability,New Product Details_Wi-Fi Generation,New Product Details_Wireless Compability,New Product Details_Wireless Technology,Other Technical Details_Audio-out Ports (#),Other Technical Details_Batteries,Other Technical Details_Brand,Other Technical Details_Color,Other Technical Details_Computer Memory Type,Other Technical Details_Flash Memory Size,Other Technical Details_Hard Drive Interface,Other Technical Details_Hard Drive Rotational Speed,Other Technical Details_Hardware Platform,Other Technical Details_Item Dimensions  LxWxH,Other Technical Details_Item Weight,Other Technical Details_Item model number,Other Technical Details_Number of Processors,Other Technical Details_Operating System,Other Technical Details_Optical Drive Type,Other Technical Details_Package Dimensions,Other Technical Details_Power Source,Other Technical Details_Processor Brand,Other Technical Details_Product Dimensions,Other Technical Details_Rear Webcam Resolution,Other Technical Details_Series,Other Technical Details_Voltage,Price,Product Details_Battery Cell Composition,Product Details_Brand,Product Details_CPU Model,Product Details_CPU Speed,Product Details_Cache Size,Product Details_Color,Product Details_Connectivity Technology,Product Details_Display Resolution Maximum,Product Details_Display resolution,Product Details_Graphics Card Description,Product Details_Graphics Coprocessor,Product Details_Graphics Processor Manufacturer,Product Details_Hard Disk Description,Product Details_Hard Disk Size,Product Details_Has webcam capability?,Product Details_Human Interface Input,Product Details_Item Weight,Product Details_Lithium Battery Energy Content,Product Details_Manufacturer,Product Details_Memory Slots Available,Product Details_Memory Storage Capacity,Product Details_Model Name,Product Details_Operating System,Product Details_Processor Count,Product Details_RAM Memory Technology,Product Details_RAM Type,Product Details_Ram Memory Installed Size,Product Details_Resolution,Product Details_Screen Size,Product Details_Special Feature,Product Details_Specific Uses For Product,Product Details_Total USB Ports,Product Details_Wireless Communication Technology,Rating,Technical Details_ASIN,Technical Details_Average Battery Life (in hours),Technical Details_Batteries,Technical Details_Card Description,Technical Details_Chipset Brand,Technical Details_Country of Origin,Technical Details_Date First Available,Technical Details_Graphics Card Ram Size,Technical Details_Graphics Coprocessor,Technical Details_Hard Drive,Technical Details_Item Weight,Technical Details_Item model number,Technical Details_Manufacturer,Technical Details_Max Screen Resolution,Technical Details_Memory Speed,Technical Details_National Stock Number,Technical Details_Number of USB 2.0 Ports,Technical Details_Number of USB 3.0 Ports,Technical Details_Processor,Technical Details_Product Dimensions,Technical Details_RAM,Technical Details_Screen Resolution,Technical Details_Standing screen display size,Technical Details_Wireless Type,Title,Typical Price,URL
,,,,,,,,,,,,,,,,,,,,,,,,B0B3BVWJ6Y,Backlit Keyboard,"Headphones, Speakers",,,"Photos, Garageband, MacOS, iMovie, Pages, Numbers, Keynote",18 Hours,,Lithium Ion,,,,Apple,,Apple M2,,"Video, Front",,Midnight,"Bluetooth, Wi-Fi",,,2560x1664 Pixels,LED,LED,Laptop,Apple M2,Integrated,Shared,SSD,Solid State,256 GB,,Keyboard,"USB-C to MagSafe 3 Cable (2m), 30W USB-C Power Adapter, MacBook Air with M2 chip","11.97""L x 8.46""W x 0.44""Th",Traditional,QWERTY,Apple,Built-in,MacBook Air,MLY33LL/A,2022,2560 x 1664 pixels,,,2,Mac OS,,,Apple,8,Unknown,3.2 GHz,8 GB,,LPDDR4X,DDR4 SDRAM,24 GB,Retina,,13.6 Inches,,Built-in Stereo Speakers,"Multimedia, Personal, Business",,,,2,194253083238,,Apple,,Yes,,"Bluetooth, 802.11a/b/g/n/ac, 802.11ax","Bluetooth, Wi-Fi",,,,,,,,,,,,,,,,,,,,,,,849.00,,Apple,Unknown,,,Midnight,,,,Integrated,,,,256 GB,,,,,,,,MacBook Air,Mac OS,,,,8 GB,,13.6 Inches,Backlit Keyboard,,,,4.0 out of 5 stars,,,,,,,,,,,,,,,,,,,,,,,,,"Apple 2022 MacBook Air Laptop with M2 chip: Built for Apple Intelligence, 13.6-inch Liquid Retina Display, 8GB RAM, 256GB SSD Storage, Backlit Keyboard, 1080p FaceTime HD Camera; Midnight",$999.00,https://www.amazon.com/2022-Apple-MacBook-Laptop-chip/dp/B0B3BVWJ6Y/ref=sr_1_9?dib=eyJ2IjoiMSJ9.Mxv-LfaT1mRTkqi6GWEFXxFggO64cMc5a5WQAxAoDYKDc12AZYR8P_ulvGvs2fWDJ7_Nm3Q_vhpmjYCsv0OJPJs6Bo1FRX66cFxFfjDS5M6onhimzcAeCOZ3ganbR1ztxCB3tNO3H2yyijUubD6xTB3G5UxB2MqPQQaHrdLyLai29xSPy1hZkKf5Sm2MjOm9tSgk53w2mGq_T8vokhTRQYuN1uCwbBymaj5IEXp_6tzKZ-DZ8lOcjCmWHFWVn2fkST3y58q3_y3AxTbeKQumI-hyzZmMa7tonKGyaYVia00.eFMZpiqa4BbfF8ul13G1oFWFR-jOJGFy_-1DtQHxgmY&dib_tag=se&qid=1726997913&s=pc&sr=1-9
,,,,,,,,,,,,,,,,,,,,,,,,B0BSHF7LLL,Anti Glare Coating,"Headphones, Speakers",,,"Photos, iMovie, GarageBand, Pages, Numbers, Keynote",,,Lithium Ion,,,,Apple,,Apple M2 Pro,,Front,,Silver,"Bluetooth, Wi-Fi 6E",Touch,,3456x2234 Pixels,,LED,Laptop,Apple M2 Pro,Integrated,Shared,SSD,Solid State,512 GB,,Keyboard,"16-inch MacBook Pro, USB-C to MagSafe 3 Cable (2 m), 140W USB-C Power Adapter","14.01""L x 9.77""W x 0.66""Th",Traditional,QWERTY,Apple,,MacBook Pro,MNWC3LL/A,2023,3456x2234,,,6,Mac OS,,,Apple,12,Unknown,3.1 GHz,16 GB,,Unified Memory,,32 GB,1080p,,16.2 Inches,,Built-in Stereo Speakers,"Multimedia, Personal, Business",,,,3,194253236320,,Apple,,Yes,,"802.11a/b/g/n/ac, 802.11ax","Bluetooth, Wi-Fi",,,,,,,,,,,,,,,,,,,,,,,1869.99,,Apple,Unknown,,,Silver,,,,Integrated,,,,512 GB,,,,,,,,MacBook Pro,Mac OS,,,,16 GB,,16.2 Inches,Anti Glare Coating,,,,4.4 out of 5 stars,,,,,,,,,,,,,,,,,,,,,,,,,"Apple 2023 MacBook Pro Laptop with Apple M2 Pro chip with 12‑core CPU and 19‑core GPU: 16.2-inch Liquid Retina XDR Display, 16GB Unified Memory, 512GB SSD Storage. Works with iPhone/iPad; Silver",N/A,https://www.amazon.com/Apple-MacBook-Laptop-12%E2%80%91core-19%E2%80%91core/dp/B0BSHF7LLL/ref=sr_1_62?dib=eyJ2IjoiMSJ9._lsvuhAP0MqLdYMlQ2WVd5WiMcrEaU2GKe0ArwgEyuDDshwG-A4DyEH_Jceb4NPFYStz1DJ_YL3-BnPnpcFdx8_ImbGccQsEgG_dg9MAZky1lUKeqHOGmw9sdGpfpfTl4qVrRBKKTyk8TX2Sd0h4FKW1tw8zHD08nLQYlMZHOgSvdnPBp_8tCfonZk53iRk3N-H0oQuDY6PSyxh0Sbf-ETL67ab9fd-Sgcp6G7MJCkFCPUSgR1DFhUMWxCghGIpxOWyCmTeXmwa8R0yUa6uPu7HahpANq1hovVT24VUiirs.yPicvKOwJ4H9KENEA88a5cVBmQCYF4Wn6-4O6x9XgF4&dib_tag=se&qid=1726997921&s=pc&sr=1-62
,,,,,,,,,,,,,,,,,,,,,,,,B0BSHDWVSM,Anti Glare Coating,"Headphones, Speakers",,,"Photos, iMovie, GarageBand, Pages, Numbers, Keynote",,,Lithium Ion,,,,Apple,,Apple M2 Pro,,Front,,Silver,"Bluetooth, Wi-Fi 6E",Touch,,3024x1964 Pixels,,LED,Laptop,Apple M2 Pro,Integrated,Shared,SSD,Solid State,1 TB,,Keyboard,"14-inch MacBook Pro, USB-C to MagSafe 3 Cable (2 m), 96W USB-C Power Adapter","12.31""L x 8.71""W x 0.61""Th",Traditional,QWERTY,Apple,,MacBook Pro,MPHJ3LL/A,2023,3024x1964,,,6,Mac OS,,,Apple,12,Unknown,3.1 GHz,16 GB,,Unified Memory,,32 GB,1080p,,14.2 Inches,,Built-in Stereo Speakers,"Multimedia, Personal, Business",,,,3,194253319771,,Apple,,Yes,,"802.11a/b/g/n/ac, 802.11ax","Bluetooth, Wi-Fi",,,,,,,,,,,,,,,,,,,,,,,1649.95,,Apple,Unknown,,,Silver,,,,Integrated,,,,1 TB,,,,,,,,MacBook Pro,Mac OS,,,,16 GB,,14.2 Inches,Anti Glare Coating,,,,4.4 out of 5 stars,,,,,,,,,,,,,,,,,,,,,,,,,"Apple 2023 MacBook Pro Laptop M2 Pro chip with 12‑core CPU and 19‑core GPU: 14.2-inch Liquid Retina XDR Display, 16GB Unified Memory, 1TB SSD Storage. Works with iPhone/iPad; Silver","$2,499.00",https://www.amazon.com/Apple-MacBook-Laptop-12%E2%80%91core-19%E2%80%91core/dp/B0BSHDWVSM/ref=sr_1_87?dib=eyJ2IjoiMSJ9.qVcD-1RbWI6TvJIzHGGhwdzb308PcdKFelqzK3Mqoc3rxYbZsoA2oM-fWoe4Zp4EG_snFMGWUIiI2xohxgdcpR8SgHg8QLEmlv8uyuktKzku9qahNvjXAaymUhy7K4HlnuYZcSeatWEe0kMx_u9uOYJiTYGYNLRCCz9jfpybeVwcyWUc6igOv0Y40TM1BXNWap84SK1NWfu5rt0J0KOz1r58kFLbXXMwgAHTwzM-4RoRHly02gzLafOCJPdAZ1IjZ7pcZUVp9_dllX2eFG7NBhdyf4tp5Izxlt5BMQJmL1Y.S01zm5y5IKwWePNCkeAzKJfJqfVEAAMeRvbd8J7zvgM&dib_tag=se&qid=1726997925&s=pc&sr=1-87
,,,,,,,,,,,,,,,,,,,,,,,,,,,,,,,,,,,,,,,,,,,,,,,,,,,,,,,,,,,,,,,,,,,,,,,,,,,,,,,,,,,,,,,,,,,,,,,,,,,,,,,,,,,,,,,,,,,,,,,,,,,549.99,,ASUS,Core i5,,,Black,,,,Integrated,,,,512 GB,,,,,,,,ASUS Vivobook 16,Windows 11 Home,,,,16 GB,,16 Inches,Touchscreen,,,,4.4 out of 5 stars,,,,,,,,,,,,,,,,,,,,,,,,,"ASUS Vivobook 16” WUXGA Laptop, Intel Core i5-1235U, Intel Iris Xe Graphics, 16GB Memory, 512GB SSD, Cool Silver, F1605ZA-AS56",N/A,https://www.amazon.com/ASUS-Vivobook-i5-1235U-Graphics-F1605ZA-AS56/dp/B0CWJ642YM/ref=sr_1_170?dib=eyJ2IjoiMSJ9.ADwoRjH1v5sRBTlFdPZ3U3J9Uz27D3Lr9OqT-aGcNzUWkIp2JfZ24IrgP6Y4iR9W2TMtXnHFrOgE5-_Kv8HAbtPJCLOUtBBEKwmCC_CppkHz3hJ4-dBRyQscme0Ixd69NoIbDapdN3Kpwuoodwmj14RNmiAs-6LbhYoERO0E4T3MX9aSaGr-4HGwbWv0QXD0uFjHHCakC5rVvK7v7AEl4wYUy0AA2bNEMVZbqNFALtZdA4qeT8wbu3Lnay19Zv_drCeBxSGUYw11ESR3-R2XH7fGx-WL7dAx1kZ2F87oXhs.GP1xMOLaNRT3rRcPKG0OHc8gUH6pf2VwCnQTikQR2ew&dib_tag=se&qid=1726997935&s=pc&sr=1-170
,,,,,,,,,,,,,,,,,,,,,,,,B0DB66PG7Y,Memory Card Slot,Headphones,,,,,,Lithium Ion,#803 in Computers & Accessories (See Top 100 in Computers & Accessories)  #79 in Traditional Laptop Computers,,,Naclud,,Celeron,,,,Gray,Wi-Fi,,"4.6  4.6 out of 5 stars    
    44 ratings   


 4.6 out of 5 stars",1920 x 1080 Pixels,,LCD,,Integrated,Integrated,,SSD,USB 3.0,512 GB,,,,"15.6""L x 9""W x 0.6""Th",Multimedia,,Naclud,,Naclud-X15,Naclud-X15,,,,,,Windows 11,,,Intel,4,Celeron,2.9 GHz,12 GB,,DDR4,DDR4 SDRAM,12 GB,1080p,,15.6 Inches,,,,,,,,721545646897,,Intel,,,,,"Bluetooth, Wi-Fi",,,,,,,,,,,,,,,,,,,,,,,259.99,,Naclud,Celeron,,,Gray,,,,Integrated,,,,512 GB,,,,,,,,Naclud-X15,Windows 11,,,,12 GB,,15.6 Inches,Memory Card Slot,,,,4.6 out of 5 stars,,,,,,,,,,,,,,,,,,,,,,,,,"15.6 Inch Laptop 12GB DDR4 512GB SSD Laptop Computers, FHD 1920X1080 Screen, High Performance Quad-Core Celeron N5095 CPU, Type-C, Mini HDMI, 2.4G/5G WiFi, Bluetooth 4.2, Webcam, (Gray)",$949.99,https://www.amazon.com/Naclud-1920X1080-Performance-Quad-Core-Processors/dp/B0DB66PG7Y/ref=sr_1_215?dib=eyJ2IjoiMSJ9.UNycNdVJ1BgLbHwhbCX-m5f7S3PjLSVb75E1hoSoNOAMdVEBiRnFyqF4-mLZxo8chp9EjX06UN0ZZmHTWiQU2vUJ9IYvilJgJ47hZ0WRy6KfL2bnndYuNgFe3wkXII-y2iM2jueQQ3uhPFwgBdhHSE--94woL2GAdeeMtxor1-4jiUqLqnjVfVdoqxXbH5WsVpHd9oYfFjzYldQVW0Rtka_d0Ddltae9GpF_xJhv20CLxZX-bBUnZuP9VBolCKMY6A7zEggbOJ88oCp7bXh-jtu3f23lnnUS7GSpMK1Kozw.u9Nhdze2OJ3ExFQV_qICtMvXCFzWDpukneCOCyvJ8rg&dib_tag=se&qid=1726997942&s=pc&sr=1-215
,,,,,,,,,,,,,,,,,,,,,,,,B0CNV6PF53,"HD Audio, Touchscreen, Anti-glare, Anti Glare Coating, Numeric Keypad",Headphones,Yes,[Basic Audio Capabilities],,,,Lithium Ion,"#2,086 in Computers & Accessories (See Top 100 in Computers & Accessories)  #245 in Traditional Laptop Computers",5,Yes,Dell,11th Generation,Intel Core i5-1155G7,,Front,,Black,Bluetooth,Touch,"4.8  4.8 out of 5 stars    
    30 ratings   


 4.8 out of 5 stars",1920 x 1080 Pixels,,LED,Netbook,Intel UHD Graphics,Integrated,Shared,SSD,Solid State,512 GB,,"Touchscreen, Touch Bar","User Manual, IST Computers® Pen, AC Adapter with Power Cord, Dell Inspiron 15 3520 Laptop","14.11""L x 9.27""W x 0.83""Th",US,QWERTY,Dell Computers,,Inspiron 3000,Inspiron 3520,2023,1920 x 1080 pixels,,,,Windows 11 Pro,No Optical Drive,AC adapter,Intel,4,Core i5,2.4 GHz,16 GB,2,DDR4,DDR4 SDRAM,64 GB,1080p,Matte,15.6 Inches,,,"Student, Gaming, Business",,1,,3,769044539548,HDMI,Intel,,Yes,,"Bluetooth, 802.11ax","Bluetooth, Wi-Fi",,,,,,,,,,,,,,,,,,,,,,,449.99,,Dell,Core i5,,,Black,,,,Integrated,,,,512 GB,,,,,,,,Inspiron 3000,Windows 11 Pro,,,,16 GB,,15.6 Inches,"HD Audio, Touchscreen, Anti-glare, Anti Glare Coating, Numeric Keypad",,,,4.2 out of 5 stars,,,,,,,,,,,,,,,,,,,,,,,,,"Dell Inspiron Touchscreen Laptop (15.6"" FHD Touch, Intel Core i5-1155G7, 16GB RAM, 512GB SSD) for Business, Students, Enterprises, Numeric Keypad, Narrow-Bezel, Webcam, Win 11 Pro, Carbon Black",$499.99,https://www.amazon.com/Dell-Inspiron-Touchscreen-Narrow-Bezel-3520/dp/B0CNV6PF53/ref=sr_1_218?dib=eyJ2IjoiMSJ9.UNycNdVJ1BgLbHwhbCX-m5f7S3PjLSVb75E1hoSoNOAMdVEBiRnFyqF4-mLZxo8chp9EjX06UN0ZZmHTWiQU2vUJ9IYvilJgJ47hZ0WRy6KfL2bnndYuNgFe3wkXII-y2iM2jueQQ3uhPFwgBdhHSE--94woL2GAdeeMtxor1-4jiUqLqnjVfVdoqxXbH5WsVpHd9oYfFjzYldQVW0Rtka_d0Ddltae9GpF_xJhv20CLxZX-bBUnZuP9VBolCKMY6A7zEggbOJ88oCp7bXh-jtu3f23lnnUS7GSpMK1Kozw.u9Nhdze2OJ3ExFQV_qICtMvXCFzWDpukneCOCyvJ8rg&dib_tag=se&qid=1726997942&s=pc&sr=1-218
,,,,,,,,,,,,,,,,,,,,,,,,B0CLMBHRKZ,Backlit Keyboard,Speakers,,,,,,,"#26,146 in Electronics (See Top 100 in Electronics)  #33 in Renewed Home Entertainment  #131 in Renewed Laptops  #488 in Traditional Laptop Computers",,Yes,Lenovo,,,,,,Blue,"Wi-Fi, USB",Touch,"3.7  3.7 out of 5 stars    
    20 ratings   


 3.7 out of 5 stars",,,,Convertible,AMD Radeon Vega 8,Integrated,,,,512 GB,Yes,Keyboard,,,Backlit,QWERTY,Lenovo,,Ideapad Flex 5 14Abr8,,,1920 x 1200,,,,Windows 11 Pro,,,AMD,4,AMD Ryzen 7,2 GHz,16 GB,,LPDDR4X,,,1080p,,14 Inches,,,,,,,3,840347614887,,AMD,,,,,Wi-Fi,,,,,,,,,,,,,,,,,,,,,,,429.99,,Lenovo,AMD Ryzen 7,,,Blue,,,,Integrated,,,,512 GB,,,,,,,,Ideapad Flex 5 14Abr8,Windows 11 Pro,,,,16 GB,,14 Inches,Backlit Keyboard,,,,4.2 out of 5 stars,,,,,,,,,,,,,,,,,,,,,,,,,"Lenovo IdeaPad Flex 5 | 14"" WUXGA Touchscreen Laptop | AMD Ryzen 7 7730U | 16GB LPDDR4X RAM | 512GB SSD PCIe NVMe | Backlit Keyboard | Wi-Fi 6 | Abyss Blue | Windows 11 Home (Renewed)",N/A,https://www.amazon.com/Lenovo-IdeaPad-Touchscreen-LPDDR4X-Keyboard/dp/B0CLMBHRKZ/ref=sr_1_315?dib=eyJ2IjoiMSJ9.xLBVR0FvyKE3hVBQVPJU_6EIXnk9M-AATrs_oIh18ac8zL6BVntEF_WJtALQUzR2VDYJE_WNUdCaX9jPJqkisZTiHHR2vydLOQ0QmyDhUpXQdO_UU8Zv4jpDxxYa6lziM8MG29xf1dX108ILuHYNsKIDoU9y3Ye6ZGiPemJldjmAvd7tUcN7y3PsMET51XUGdehMm6IMfUx0JQvIdjndHl0U21YMT3E1tgLuunBZVGpoIegq0XLmpxhB9F6p2a6KwE1VMcqXfpBKDp9xxx-o4N5TWCUdQBtqXVqm2fZHQ3A.ek_9fliO18RXhr6CpZtUqtYEoPj1DyK2Dit4Z_od5JI&dib_tag=se&qid=1726997957&s=pc&sr=1-315
,,,,,,,,,,,,,,,,,,,,,,,,B0D17B5XN7,,Headphones,,This product has dual stereo speakers and dual array microphones.,Windows 11 Professional,,,,"#6,680 in Computers & Accessories (See Top 100 in Computers & Accessories)  #820 in Traditional Laptop Computers",5.3,Yes,HP,13th,,,Integrated 720p HD webcam,Intel chipset (specific model undetermined),,"Bluetooth, Wi-Fi, USB, Ethernet",Touch,"4.4  4.4 out of 5 stars    
    19 ratings   


 4.4 out of 5 stars",,LCD,,,,,,,,,Yes,"Microphone, Mouse, Keyboard","Backlit Keyboard, Clickpad","9.2""L x 14.14""W x 0.78""Th","Full-sized, Backlit",QWERTY,hp,built-in,,650 G10,,1920 x 1080 pixels,,1,10,,,AC adapter,,,,,,2,,DDR4 SDRAM,,1080p,Matte (anti-glare),15.6 Inches,,Dual stereo speakers,Business,2,1,1,3,197497682717,HDMI,Intel,,Yes,Wi-Fi 6E,802.11ax,"Bluetooth, Wi-Fi",,,,,,,,,,,,,,,,,,,,,,,819.00,,HP,,,,,"Bluetooth, Wi-Fi, USB, Ethernet",,,,,Intel,,,Yes,,3.94 Pounds,,,2 or more,,,,,,,,1080p,15.6 Inches,,Business,3,,4.2 out of 5 stars,,,,,,,,,,,,,,,,,,,,,,,,,"HP Elitebook 650 G10 15.6"" FHD Business Laptop Computer, 13th Gen Intel 10-Core i5-1335U (Beat i7-1270P), 16GB DDR4 RAM, 512GB PCIe SSD, WiFi 6E, Bluetooth 5.3, Backlit KB, FR, Windows 11 Pro, AZ-XUT",N/A,https://www.amazon.com/HP-Elitebook-650-G10-Bluetooth/dp/B0D17B5XN7/ref=sr_1_321?dib=eyJ2IjoiMSJ9.xd-YsLI0H7nPhGsopJG8D02O6I0QD5CNKa2IGo8ZXKp6HhEi1I6JbpsNCN-O_oBPxoTJyop-BwnnzSzt0_UvmUxBmB1z1xEiO7l7WORMXsI-65YMum5sVlvxBb9Hb-wHeZhpPaay55sreNs8QYXAIiT0_OOnhJ6QyyiAxVt4y8xSzxqH99F0WRXBkF_VvCxQ8Kf63EMPkOv1uoNFYSlZWugmVvJJ9qMaOeOggVYxBnThhOknjJaHdmDh0zAZKdQMZaByXmNI4n5WRG0dDO71XZqCryaIyflQOjyrn47cn_8.f7sy5eWWvZAvNhV29Yz2KZZT-uSe4Xmgj6kw7zskR4g&dib_tag=se&qid=1726997961&s=pc&sr=1-321
,,,,,,,,,,,,,,,,,,,,,,,,,,,,,,,,,,,,,,,,,,,,,,,,,,,,,,,,,,,,,,,,,,,,,,,,,,,,,,,,,,,,,,,,,,,,,,,,,,,,,,,,,,,,,,,,,,,,,,,,,,,32.99,,,,,,,,,,,,,,,,,,,,,,,,,,,,,,,,,,4.4 out of 5 stars,,,,,,,,,,,,,,,,,,,,,,,,,"Certified Refurbished Amazon Fire HD 8 tablet, 8” HD Display, 32 GB, 30% faster processor, designed for portable entertainment, (2022 release), Black",N/A,https://www.amazon.com/Certified-Refurbished-Kindle-2022-release/dp/B09JRPMQ58/ref=sr_1_437?dib=eyJ2IjoiMSJ9.urfRI0A4Wv4tWs3piQBuljwOzlu_44HZ3IDeN_D2d-2xUNPMpTGPagFb6rhjxif4lM9_nSiDoJF7Ib69rEwx9le4070hLxSIRGHU0_SXcOI1S3mRYut1dDT7mgo9_66Wqiq8AS-ggMsn-EXBvtM2Jlv_Cf9ujhUJuMQN6lkl8yDY8sEM0t_5TSXFmt9tWrpvd84xo72lPJ8VzQlvUVd3wg3hY0BGGDYGbXSrm4Zi7jk3fNNkyFfhAkw4yiYMuNx0Tt97pBS0EwFA_8Ean94Cj1pU4EvTStyL_4eqJoBkCe8.p8TA-TzTi8c4vPdAx8G46qqKtMuAVBbkw6T9o0nfS_A&dib_tag=se&qid=1726997981&s=pc&sr=1-437
,,,,,,,,,,,,,,,,,,,,,,,,B0CV2P91VQ,Backlit Keyboard,Headphones,Yes,This product includes dual speakers and a webcam with integrated digital microphone.,Windows 11 Home,,,,"#7,602 in Computers & Accessories (See Top 100 in Computers & Accessories)  #959 in Traditional Laptop Computers",4.2,Yes,HP,12,i3-1215U,,Webcam,,Silver,"Bluetooth, Wi-Fi, USB, HDMI",Touch,"4.2  4.2 out of 5 stars    
    50 ratings   


 4.2 out of 5 stars",1920 x 1080,LED,LCD,Traditional Clamshell,Intel UHD Graphics 605,Integrated,,SSD,Solid State,,Yes,"Microphone, Keyboard",,,Backlit,,HP,Integrated microphone,HP 15,HP 15,,1920 x 1080 pixels,,,5,Windows 11 Home,,AC Adapter,Intel,2,,,,2,DDR4,DDR4 SDRAM,,1080p,anti-glare,15.6 Inches,,,"General Purpose, Student, Multimedia, Business",1,1,,3,764097455777,HDMI,Intel,,Yes,,"Bluetooth, 802.11bgn","Bluetooth, Wi-Fi",,,,,,,,,,,,,,,,,,,,,,,423.49,,HP,,,,Silver,,,,Integrated,Intel UHD Graphics 605,,SSD,,,,,,,,,HP 15,Windows 11 Home,,,,,1080p,15.6 Inches,Backlit Keyboard,,,,4.2 out of 5 stars,,,,,,,,,,,,,,,,,,,,,,,,,"HP Newest Pavilion 15.6"" FHD Touchscreen Anti-Glare Laptop, 20GB RAM, 1TB SSD Storage, Intel Core i3-1215U, Up to 11 Hours Long Battery Life, Type-C, HDMI, Windows 11 Home, Silver",N/A,https://www.amazon.com/HP-Pavilion-Touchscreen-Anti-Glare-i3-1215U/dp/B0CV2P91VQ/ref=sr_1_441?dib=eyJ2IjoiMSJ9.urfRI0A4Wv4tWs3piQBuljwOzlu_44HZ3IDeN_D2d-2xUNPMpTGPagFb6rhjxif4lM9_nSiDoJF7Ib69rEwx9le4070hLxSIRGHU0_SXcOI1S3mRYut1dDT7mgo9_66Wqiq8AS-ggMsn-EXBvtM2Jlv_Cf9ujhUJuMQN6lkl8yDY8sEM0t_5TSXFmt9tWrpvd84xo72lPJ8VzQlvUVd3wg3hY0BGGDYGbXSrm4Zi7jk3fNNkyFfhAkw4yiYMuNx0Tt97pBS0EwFA_8Ean94Cj1pU4EvTStyL_4eqJoBkCe8.p8TA-TzTi8c4vPdAx8G46qqKtMuAVBbkw6T9o0nfS_A&dib_tag=se&qid=1726997981&s=pc&sr=1-441
,,,,,,,,,,,,,,,,,,,,,,,,B0CV2P91VQ,Backlit Keyboard,Headphones,Yes,This product includes dual speakers and a webcam with integrated digital microphone.,Windows 11 Home,,,,"#7,602 in Computers & Accessories (See Top 100 in Computers & Accessories)  #959 in Traditional Laptop Computers",4.2,Yes,HP,12,i3-1215U,,Webcam,,Silver,"Bluetooth, Wi-Fi, USB, HDMI",Touch,"4.2  4.2 out of 5 stars    
    50 ratings   


 4.2 out of 5 stars",1920 x 1080,LED,LCD,Traditional Clamshell,Intel UHD Graphics 605,Integrated,,SSD,Solid State,,Yes,"Microphone, Keyboard",,,Backlit,,HP,Integrated microphone,HP 15,HP 15,,1920 x 1080 pixels,,,5,Windows 11 Home,,AC Adapter,Intel,2,,,,2,DDR4,DDR4 SDRAM,,1080p,anti-glare,15.6 Inches,,,"General Purpose, Student, Multimedia, Business",1,1,,3,764097455777,HDMI,Intel,,Yes,,"Bluetooth, 802.11bgn","Bluetooth, Wi-Fi",,,,,,,,,,,,,,,,,,,,,,,423.49,,HP,,,,Silver,,,,Integrated,Intel UHD Graphics 605,,SSD,,,,,,,,,HP 15,Windows 11 Home,,,,,1080p,15.6 Inches,Backlit Keyboard,,,,4.2 out of 5 stars,,,,,,,,,,,,,,,,,,,,,,,,,"HP Newest Pavilion 15.6"" FHD Touchscreen Anti-Glare Laptop, 20GB RAM, 1TB SSD Storage, Intel Core i3-1215U, Up to 11 Hours Long Battery Life, Type-C, HDMI, Windows 11 Home, Silver",N/A,https://www.amazon.com/HP-Pavilion-Touchscreen-Anti-Glare-i3-1215U/dp/B0CV2P91VQ/ref=sr_1_483?dib=eyJ2IjoiMSJ9.R5vx-Q11L9c5eZi5y3c0PseoJX2lc54N0OH4rooOQT-zQEOlWaoyVv2VklJaZuc6dQ2HfXuOb6o4jca-VDcd2aFNvDXijvH3Nbaa_LRoWzFVceLweVgGXLrkqELgV6yG0l4xzOCw4AHi-4uy-YGc5su05UWDXpzYdymnt0a0Y59Ci6K3TeMS6Mb7qjZrCej7Kjx5JFXynKsoDM9UwaK4Z1kdvU9zCqeDhy0SLaWsqTISbXIGctszrdVF2B1nPg1rZxpljRQSPPJ0EnqO3pQwMK42YD7GWrYhxg2CKLmFg5A.jPbhmI02xpUsPnuZWX_G-i98e_ebkBfgzWtXxHP6xD0&dib_tag=se&qid=1726997984&s=pc&sr=1-483
,,,,,,,,,,,,,,,,,,,,,,,,B0D17PTZPT,,Headphones,Yes,,"Windows 11 Professional, Microsoft Office",,,Lithium Ion,"#7,522 in Computers & Accessories (See Top 100 in Computers & Accessories)  #946 in Traditional Laptop Computers",5.3,Yes,HP,12,,3.8 GHz,,,,"Bluetooth, Wi-Fi, USB, HDMI",,"4.1  4.1 out of 5 stars    
    19 ratings   


 4.1 out of 5 stars",,LED,,Notebook,,,,,,,Yes,"Microphone, Keyboard, Numeric Keypad","Microsoft Office, HP Fast Charge",,Gaming,QWERTY,HP,Integrated,,HP 17,,1920 x 1080 pixels,,,,,,Potentially USB Power Delivery,,,,,,,,DDR4 SDRAM,,1080p,anti-glare,17.3 Inches,,,Business,,,,3,195122257637,HDMI,Intel,,Yes,Wi-Fi 6,802.11ax,"Bluetooth, Wi-Fi",,,,,,,,,,,,,,,,,,,,,,,635.00,Lithium Ion,HP,,,,,"Bluetooth, Wi-Fi, USB, HDMI",,,,,Intel,,,Yes,,4.6 Pounds,,,,,,,,,,,1080p,17.3 Inches,,Business,3,,4.4 out of 5 stars,,,,,,,,,,,,,,,,,,,,,,,,,"HP 2024 Newest 17 Inch Laptop Computer, 17.3 IPS FHD Business Laptop PC, Intel 8-Core i3, 32GB RAM, 1TB SSD, Windows 11 Pro Laptop, Lifetime Microsoft Office, Full-Size Keyboard, Camera, USB-C, HDMI",$679.00,https://www.amazon.com/HP-17-Computer-Microsoft-Full-Size/dp/B0D17PTZPT/ref=sr_1_486?dib=eyJ2IjoiMSJ9.y1cm0Hn2J85ZBS-l9WLDisfKlbzl0czhTnq0iKIe1baZeuelJZB-w_W2ZoKV3yygK96UMunegshXL3hr6l52yqnPktPuGscI_O1DJNjvkV-ZGV881JJFADqC9kOI1s0sLJkp3iyopEQi7YXt5AR8x2Qoo3NurzqJ1u2JjHX8P1qiDD3tmuOetvrk93e62ZuS94ZU__z70IgmPhyF6Xn76k4Xl8zQrtLqSXIsJlJulGRzXHHQJqzgxoydoQk_QkXS8fQHwDyMCd5Up1RknBc_Ql_bQR4kDP8z5JA8sutbvo4.gLxQqrKvdW7Bu3X2ebFrgB0jY2N9znI3mD6j4_n5Puk&dib_tag=se&qid=1726997986&s=pc&sr=1-486
,,,,,,,,,,,,,,,,,,,,,,,,,,,,,,,,,,,,,,,,,,,,,,,,,,,,,,,,,,,,,,,,,,,,,,,,,,,,,,,,,,,,,,,,,,,,,,,,,,,,,,,,,,,,,,,,,,,,,,,,,,,679.76,,,,,,,,,,,,,,,,,,,,,,,,,,,,,,,,,,4.4 out of 5 stars,,,,,,,,,,,,,,,,,,,,,,,,,"Microsoft Surface Pro 13"" Tablet - 256 GB, Graphite (Renewed) | Intel 12th Gen i5 | Windows 11 | Copilot",N/A,https://www.amazon.com/Microsoft-Surface-Lightweight-Processor-Graphite/dp/B0CXN7JB7G/ref=sr_1_487?dib=eyJ2IjoiMSJ9.y1cm0Hn2J85ZBS-l9WLDisfKlbzl0czhTnq0iKIe1baZeuelJZB-w_W2ZoKV3yygK96UMunegshXL3hr6l52yqnPktPuGscI_O1DJNjvkV-ZGV881JJFADqC9kOI1s0sLJkp3iyopEQi7YXt5AR8x2Qoo3NurzqJ1u2JjHX8P1qiDD3tmuOetvrk93e62ZuS94ZU__z70IgmPhyF6Xn76k4Xl8zQrtLqSXIsJlJulGRzXHHQJqzgxoydoQk_QkXS8fQHwDyMCd5Up1RknBc_Ql_bQR4kDP8z5JA8sutbvo4.gLxQqrKvdW7Bu3X2ebFrgB0jY2N9znI3mD6j4_n5Puk&dib_tag=se&qid=1726997986&s=pc&sr=1-487
,,,,,,,,,,,,,,,,,,,,,,,,,,,,,,,,,,,,,,,,,,,,,,,,,,,,,,,,,,,,,,,,,,,,,,,,,,,,,,,,,,,,,,,,,,,,,,,,,,,,,,,,,,,,,,,,,,,,,,,,,,,679.76,,,,,,,,,,,,,,,,,,,,,,,,,,,,,,,,,,4.4 out of 5 stars,,,,,,,,,,,,,,,,,,,,,,,,,"Microsoft Surface Pro 13"" Tablet - 256 GB, Graphite (Renewed) | Intel 12th Gen i5 | Windows 11 | Copilot",N/A,https://www.amazon.com/Microsoft-Surface-Lightweight-Processor-Graphite/dp/B0CXN7JB7G/ref=sr_1_511?dib=eyJ2IjoiMSJ9.82_cqlCySnUbS1NV3iNXYJ3nsdquUTK41RT88HajdIUvVw-bJ4ZugcyMF2x-fYxUARyqllkik-1zreX1GHrj1RvvuCZ3tR5VEb_vok14UTIgA8mqjc9v932krxNkNi-hP5dY6UB5zSbL_kd95NKHHkAdyUDzqz9YHb51psKSiZjJIBUI0wN49xJuj-I_pwJuH032OnoJpCLXdpd-84NnOdTt4DXc-gHjuDN9iQQtqb7Qfx0uOAS0LfeGIU8I6mCqb9TOG9CEGSyDHn8BrojfsSZij05_xicWPkBHyHRXbA4.qvWOhShbj8mKWzsAmV9JObiUD5G-Kfzcu04tlY15DR0&dib_tag=se&qid=1726997990&s=pc&sr=1-511
,,,,,,,,,,,,,,,,,,,,,,,,B0BPTDRG9X,Anti-glare,"Headphones, Speakers",No,Basic stereo speakers with Dolby Audio support,Webcam,,,Lithium Ion,"#7,050 in Computers & Accessories (See Top 100 in Computers & Accessories)  #879 in Traditional Laptop Computers",,,Lenovo,,,,,,,"Bluetooth, Wi-Fi, USB, HDMI",,"3.9  3.9 out of 5 stars    
    93 ratings   


 3.9 out of 5 stars",,,,Notebook,,,,,,1 TB,,Touch Pad,,"14.18""L x 9.29""W x 0.7""Th",us,QWERTY,Lenovo,Built-In,,IdeaPad,,1920 x 1080 pixels,,,,,,,,,Core i5,3.3 GHz,16 GB,,,DDR4 SDRAM,,720p,anti-glare,15.6 Inches,,,,,1,,3,195477761766,HDMI,Intel,,Yes,Wi-Fi 6,Bluetooth,"Bluetooth, Wi-Fi",,,,,,,,,,,,,,,,,,,,,,,469.99,,Lenovo,Core i5,3.3 GHz,,,,,,,,,,1 TB,,,3.6 Pounds,,,,,,,,,,16 GB,720p,15.6 Inches,Anti-glare,,3,,4.4 out of 5 stars,,,,,,,,,,,,,,,,,,,,,,,,,"Lenovo 15.6"" Laptop with Intel i5-1235U, IdeaPad 1i, 15.6"" FHD Anti-Glare Display, 12th Gen Intel Core i5-1235U 10-core Processor, Intel Iris Xe Graphics, Windows 11 Home(16GB RAM | 1TB SSD)",N/A,https://www.amazon.com/Lenovo-i5-1235U-IdeaPad-Anti-Glare-Processor/dp/B0BPTDRG9X/ref=sr_1_534?dib=eyJ2IjoiMSJ9.O1JIPw_epreAhjfGuPteLrG2R2hB6p6viEpGDUMuK4BrKrFiEuMPhV8XgHV8nCT2x24tTS1dE2BvEd1zf7Caj7AAkVvhFEYXxAlWsLfs5t-gE0qJQLNa9A2kpEEbdfKmuPyjQqlaZ0MQ2_k_yqsGxkWl2jVHvHQwvbQtTqbv2l6tLhXO1T7NxJhsFoN72NKCCay5NaviR-QNrvHoDzT5cTVejARziGK8CeAhyqXs25eXN_GB9fsy3n9qyrCyGGzxhJuXVj9F4gZkNLqTo3b6ObUGfGhZtQKT9YGfS4KimYc.Na4iV0J62PepWpmlLQEdx5_VNcxUHvSMKyXzx2CP72I&dib_tag=se&qid=1726997994&s=pc&sr=1-534
,,,,,,,,,,,,,,,,,,,,,,,,B0C7686169,"Apple M2 Chip, Liquid Retina display with True Tone, Solid-state drive storage, Backlit Magic Keyboard with Touch ID, Unified Memory","Headphones, Speakers",,,"Music, Freeform, TV, iWork, iMovie, GarageBand",18 Hours,,Lithium Ion,,,,Apple,,M2,,1080p FaceTime HD camera,,Starlight,"Bluetooth 5.3, Wi-Fi",Touch,,2880 x 1864 Pixels,,LED,Laptop,Apple M2,Integrated,Shared,SSD,Solid State,256 GB,,Keyboard,"USB-C to MagSafe 3 Cable (2 m), USB-C Power Adapter, 15-inch MacBook Air with M2 chip","13.4""L x 9.35""W x 0.45""Th",Backlit,,Apple,,MacBook Air,MQKU3LL/A,2023,1920 x 1080 pixels,,,,Mac OS,,,Apple,8,Unknown,0.1,8 GB,,Unified Memory,DDR5 RAM,24 GB,1080p,,15.3 Inches,,Built-in speakers,"Multimedia, Personal, Student",,,,,194253712398,,Apple,,Yes,,802.11ax,"Bluetooth 5.3, Wi-Fi",,,,,,,,,,,,,,,,,,,,,,,808.84,,Apple,Unknown,,,Starlight,,,,Integrated,,,,256 GB,,,,,,,,MacBook Air,Mac OS,,,,8 GB,,15.3 Inches,"Apple M2 Chip, Liquid Retina display with True Tone, Solid-state drive storage, Backlit Magic Keyboard with Touch ID, Unified Memory   See more",,,,4.7 out of 5 stars,,,,,,,,,,,,,,,,,,,,,,,,,"Apple 2023 MacBook Air Laptop with M2 chip: 15.3-inch Liquid Retina Display, 8GB Unified Memory, 256GB SSD Storage, 1080p FaceTime HD Camera, Touch ID. Works with iPhone/iPad; Starlight",N/A,https://www.amazon.com/Apple-2023-MacBook-Laptop-chip/dp/B0C7686169/ref=sr_1_559?dib=eyJ2IjoiMSJ9.Wif4yoZBjKG_KzwbPl_Ygb81PdZvwPZyzyoWWA_4bZjZW7oBlDDd2Tnx00zqnOD4ZkKdOLKLsc0VO9OltlcW7kqfy__b5O8HiBPlj9hI2p-N-DYidA46S2jIxN8qWJIT0nASF5quycpprJWlaC6ZBPs4ruU2qod24JHAGBcvnOHzkfO2YGDiIxZKK_h0_J3ltJH2V-7uCBxKO-ss8HC9RUsKiSVcwu31nO6JxSHlqIiph61vLs54VQBlkEVE57LmWjUn9VQhBZWtfeRP_sFfU3QxsLdhPEkm_zHVLHNiDt0.Z-i-a03UxFhTS4h5-perPC0auMSqHNP-3LIWhS0LG9E&dib_tag=se&qid=1726997998&s=pc&sr=1-559
,,,,,,,,,,,,,,,,,,,,,,,,B0D9HWYF6F,Memory Card Slot,internal,,,,,,Lithium Ion,"#33,043 in Computers & Accessories (See Top 100 in Computers & Accessories)  #5,622 in Traditional Laptop Computers",,,SGIN,,N4000,,,,Silver,Wi-Fi,,"2.2  2.2 out of 5 stars    
    10 ratings   


 2.2 out of 5 stars",1366 x 768 Pixels,,LCD,,Integrated,Integrated,,SSD,USB 3.0,128 GB,,,,"15.6""L x 9""W x 0.6""Th",,,SGIN,,SGIN-M15,SGIN-M15,,,,,,,,,,4,Celeron,2.6 GHz,4 GB,,DDR4,DDR4 SDRAM,4 GB,,,15.6 Inches,,,,,,,,710917473230,,Intel,,,,802.11n,"Bluetooth, Wi-Fi",,,,,,,,,,,,,,,,,,,,,,,209.99,,SGIN,Celeron,,,Silver,,,,Integrated,Integrated,,,128 GB,,,,,,,,SGIN-M15,,,,,4 GB,,15.6 Inches,Memory Card Slot,,,,4.5 out of 5 stars,,,,,,,,,,,,,,,,,,,,,,,,,"SGIN 15.6 Inch Laptops, Laptop Computer with 4GB RAM 128GB SSD, Expandable 1TB, Celeron Quad-Core Processor(Up to 2.6GHz), 5G WiFi, Type-C, Mini HDMI, Webcam, USB 3.2(Silver)",N/A,https://www.amazon.com/SGIN-Computer-Expandable-Quad-Core-Processor/dp/B0D9HWYF6F/ref=sr_1_611?dib=eyJ2IjoiMSJ9.PiJMKFxgpR1ITyqrKgOYiilARc_S8oOJ2tCySc5T43QumwGWPoepHzjfB_Zy4gywcTTaPA0RTBsJLXMiy0eSBU4_UNRJinuu_x9ETIxbmRqxwThjNGHN9GuqgHxYpgkLeIz3WDPtkXphYhqyymKmA5NgP21hVtpYa3wdJg3hR741Z0Nq7u61EOtNLOjy9Xy_cN5zajzPfIeEYG3I1YVN3SdxspxskSCEjCyiTm4fVNHFsxig97NpFkK4go__64Rd2ttfyaKE6hNBGYjNKzp8B-eecDlQ4hJ42phTrqBWfvo.U1y7Z0aK4Oo9vlCi6y82hARQiP_93thxCAajiAi9IyQ&dib_tag=se&qid=1726998006&s=pc&sr=1-611
,,,,,,,,,,,,,,,,,,,,,,,,B0D97S42HH,,internal,Yes,Includes Dual Stereo Speakers,,,,Lithium Ion,"#34,358 in Computers & Accessories (See Top 100 in Computers & Accessories)  #5,868 in Traditional Laptop Computers",5.0,Yes,ACEMAGIC,12th,,3.4 GHz,Front,Intel,Gray,"USB, HDMI",,"3.5  3.5 out of 5 stars    
    7 ratings   


 3.5 out of 5 stars",1920 x 1080,,,,Intel UHD Graphics 1200MHz,Integrated,,SSD,,512 GB,Yes,Microphone,,,Chiclet,QWERTY,"Shenzhen CYX Industrial Co., Ltd.",Integrated microphone,AX15,AX15,,1920 x 1080 pixels,,,7,Windows 11,,Internal Rechargeable Battery,Intel,4,,1.7E+3 MHz,16 GB,2,DDR4,DDR4 SDRAM,16 GB,1920 x 1080,anti-glare,15.6 Inches,,Dual stereo speakers,,,1,,4,632125589322,HDMI,Intel,,Yes,,802.11ac,"Bluetooth, Wi-Fi",,,,,,,,,,,,,,,,,,,,,,,359.98,,ACEMAGIC,,1.7E+3 MHz,,Gray,,,,Integrated,Intel UHD Graphics 1200MHz,,,512 GB,,,,,,,,AX15,Windows 11,,,,16 GB,,15.6 Inches,,,,,3.5 out of 5 stars,,,,,,,,,,,,,,,,,,,,,,,,,"ACEMAGIC Laptop Computer, Traditional Laptop Computer(Up to 3.4GHz), 16GB DDR4 512GB SSD, 15.6 inch 1080P FHD Laptop,Windows 11 Laptop with Metal Shell,WiFi, BT5.0, Speaker",N/A,https://www.amazon.com/ACEMAGIC-Computer-Traditional-Windows-Speaker/dp/B0D97S42HH/ref=sr_1_627?dib=eyJ2IjoiMSJ9.PiJMKFxgpR1ITyqrKgOYiilARc_S8oOJ2tCySc5T43QumwGWPoepHzjfB_Zy4gywcTTaPA0RTBsJLXMiy0eSBU4_UNRJinuu_x9ETIxbmRqxwThjNGHN9GuqgHxYpgkLeIz3WDPtkXphYhqyymKmA5NgP21hVtpYa3wdJg3hR741Z0Nq7u61EOtNLOjy9Xy_cN5zajzPfIeEYG3I1YVN3SdxspxskSCEjCyiTm4fVNHFsxig97NpFkK4go__64Rd2ttfyaKE6hNBGYjNKzp8B-eecDlQ4hJ42phTrqBWfvo.U1y7Z0aK4Oo9vlCi6y82hARQiP_93thxCAajiAi9IyQ&dib_tag=se&qid=1726998006&s=pc&sr=1-627
,,,,,,,,,,,,,,,,,,,,,,,,B086T5WKDZ,Support Stylus,"Headphones, Speakers",,,Chrome OS,8 Hours,,,"#3,034 in Computers & Accessories (See Top 100 in Computers & Accessories)  #107 in Renewed Laptops  #324 in Renewed Computers & Accessories  #360 in Traditional Laptop Computers",,Yes,acer,Apollo Lake,,,,MediaTek MT8183,Black,USB,Touch,"4.0  4.0 out of 5 stars    
    103 ratings   


 4.0 out of 5 stars",1366 x 768 Pixels,LED,Touchscreen,Chromebook/Convertible,i3,Integrated,,Emmc,Unknown,,,Touchscreen,Charger,"10""L x 5""W x 5""Th",Gaming,,Acer,Boundary,Acer Chromebook,CP311,2018,1280 x 720 pixels,,,,Chrome OS,,Internal Battery,,2,8032,,4 GB,,LPDDR4,Unknown,4 GB,720p,Glossy,11.6 Inches,,Integrated laptop speakers,Gaming,,,,2,760575679505,DisplayPort over USB Type-C,Intel,,,802.11g,802.11g,"Bluetooth, Wi-Fi",,,,,,,,,,,,,,,,,,,,,,,65.95,,acer,8032,,,Black,,,,Integrated,i3,,,,,,,,,,,Acer Chromebook,Chrome OS,,,,4 GB,,11.6 Inches,Support Stylus,,,,4.4 out of 5 stars,,,,,,,,,,,,,,,,,,,,,,,,,2017 Acer Chromebook Spin 11 R751T 11.6 inches Celeron 1.1GHz 4GB RAM 32GB SSD (Renewed),N/A,https://www.amazon.com/Chromebook-inches-Celeron-1-1GHz-Renewed/dp/B086T5WKDZ/ref=sr_1_680?dib=eyJ2IjoiMSJ9.yThbCzp17eUVVx_E17D3VkymezX6RHhGy1oWiuSK258oBBzM146DVXnSvX0T4y8UVvjCExgaMO4uZmVEbqu7gC96BN9SN6ahNe3VNODQxyBwf0-G4umakbIilhig_6ng2DsjYONWOUdXlfLYeKFwqWvaXAcJDJOK0erPMCgeDmApqkmS9zwMtpyXyyv_7kNOtJzTs73Ket1svQez7QwoWnC-fH_KMDU6HpVBZ6Q8ZRX2RRfEoxG69XTY2ROGZPItJsuGoIcgCs4QIbUDOP601Q4_aU34YfBPn3a7-QeH5GM.hC5AF0DuvQjevfMDUj3iMB_kdTb7mLA0L7PZo8fDlDo&dib_tag=se&qid=1726998063&s=pc&sr=1-680
,,,,,,,,,,,,,,,,,,,,,,,,B0CV2JTFNM,,Headphones,,Dual speakers with exceptional stereo quality and HD Audio,,,,,"#3,905 in Computers & Accessories (See Top 100 in Computers & Accessories)  #457 in Traditional Laptop Computers",,,HP,,,,,,,"Bluetooth, Wi-Fi, USB, HDMI",Touch,"4.0  4.0 out of 5 stars    
    29 ratings   


 4.0 out of 5 stars",,,,,,,,,,,,"Microphone, Keyboard",,,Backlit,,HP,,,HP 15,,1920 x 1080 pixels,,,,,,Internal Battery,,,,,,,DDR4,DDR4 SDRAM,,1080p,anti-glare,15.6 Inches,,Dual speakers,,,,,3,764097455791,HDMI,Intel,,,,"Bluetooth, 802.11bgn","Bluetooth, Wi-Fi",,,,,,,,,,,,,,,,,,,,,,,358.94,,HP,,,,,"Bluetooth, Wi-Fi, USB, HDMI",,1920 x 1080 pixels,,,Intel,,,,"Microphone, Keyboard",,,,,,,,,DDR4,,,1080p,15.6 Inches,,,3,"Bluetooth, Wi-Fi",4.5 out of 5 stars,,,,,,,,,,,,,,,,,,,,,,,,,"HP Newest Pavilion 15.6"" FHD Touchscreen Anti-Glare Laptop, 12GB RAM, 256GB SSD Storage, Intel Core i3-1215U, Up to 11 Hours Long Battery Life, Type-C, HDMI, Windows 11 Home, Silver",N/A,https://www.amazon.com/HP-Pavilion-Touchscreen-Anti-Glare-i3-1215U/dp/B0CV2JTFNM/ref=sr_1_685?dib=eyJ2IjoiMSJ9.yThbCzp17eUVVx_E17D3VkymezX6RHhGy1oWiuSK258oBBzM146DVXnSvX0T4y8UVvjCExgaMO4uZmVEbqu7gC96BN9SN6ahNe3VNODQxyBwf0-G4umakbIilhig_6ng2DsjYONWOUdXlfLYeKFwqWvaXAcJDJOK0erPMCgeDmApqkmS9zwMtpyXyyv_7kNOtJzTs73Ket1svQez7QwoWnC-fH_KMDU6HpVBZ6Q8ZRX2RRfEoxG69XTY2ROGZPItJsuGoIcgCs4QIbUDOP601Q4_aU34YfBPn3a7-QeH5GM.hC5AF0DuvQjevfMDUj3iMB_kdTb7mLA0L7PZo8fDlDo&dib_tag=se&qid=1726998063&s=pc&sr=1-685
,,,,,,,,,,,,,,,,,,,,,,,,B0D3DSXQWB,Portable,internal,,"Laptop with 3.5 mm audio jack for audio output, no audio recording support",,4 Hours,,Lithium Ion,"#2,069 in Computers & Accessories (See Top 100 in Computers & Accessories)  #242 in Traditional Laptop Computers",,Yes,SAINTDISE,7,Celeron N4000,2.6 GHz,,Intel chipset for Celeron processors,6GB 128GB N4000 Laptop,"Bluetooth, Wi-Fi, USB, HDMI",,"4.5  4.5 out of 5 stars    
    32 ratings   


 4.5 out of 5 stars",1366x768 Pixels,LCD,LED,Clamshell,Intel UHD Graphics 600,Integrated,DDR4 SDRAM,SSD,,128 GB,,Mouse,"Power Adapter, Mouse, 3 Ports USB-C Hub, Laptop pc, Manual","13.07""L x 8.23""W x 0.66""Th",compact built-in laptop keyboard,,SAINTDISE,,ANL5-N4000,ANL5-N4000,2024,1366 x 768 pixels,,,,DOS,,AC adapter,,1,Celeron N,1.1 GHz,6 GB,,LPDDR4,DDR4 SDRAM,6 GB,1366x768,smooth and glossy,14.1 Inches,,,"Personal, Student, Business",,1,,3,,HDMI,,,,802.11ac,"Bluetooth, 802.11ac","Bluetooth, Wi-Fi",,,,,,,,,,,,,,,,,,,,,,,156.00,,SAINTDISE,Celeron N,,,6GB 128GB N4000 Laptop,,,,Integrated,,,,128 GB,,,,,,,,ANL5-N4000,DOS,,,,6 GB,,14.1 Inches,Portable,,,,4.5 out of 5 stars,,,,,,,,,,,,,,,,,,,,,,,,,"Laptop Computer, 14.1"" Dual-Core Cerelon N4000 6GB RAM 128GB SSD Portable Laptop, 1366x768 IPS Display Fanless Design Laptop, WiFi 2.4/5G, Bluetooth 5.0, USB 3.0, Mini HDMI, Include USB-C Hub",N/A,https://www.amazon.com/Computer-Dual-Core-Portable-1366x768-Bluetooth/dp/B0D3DSXQWB/ref=sr_1_701?dib=eyJ2IjoiMSJ9.yThbCzp17eUVVx_E17D3VkymezX6RHhGy1oWiuSK258oBBzM146DVXnSvX0T4y8UVvjCExgaMO4uZmVEbqu7gC96BN9SN6ahNe3VNODQxyBwf0-G4umakbIilhig_6ng2DsjYONWOUdXlfLYeKFwqWvaXAcJDJOK0erPMCgeDmApqkmS9zwMtpyXyyv_7kNOtJzTs73Ket1svQez7QwoWnC-fH_KMDU6HpVBZ6Q8ZRX2RRfEoxG69XTY2ROGZPItJsuGoIcgCs4QIbUDOP601Q4_aU34YfBPn3a7-QeH5GM.hC5AF0DuvQjevfMDUj3iMB_kdTb7mLA0L7PZo8fDlDo&dib_tag=se&qid=1726998063&s=pc&sr=1-701
,,,,,,,,,,,,,,,,,,,,,,,,B0BZHVYR8P,"Backlit Keyboard,Fingerprint",Headphones,,Includes headphones,Windows 10 Pro,,,,"#12,014 in Computers & Accessories (See Top 100 in Computers & Accessories)  #416 in Renewed Laptops  #1,343 in Renewed Computers & Accessories  #1,678 in Traditional Laptop Computers",5.0,,HP,,,4.9 GHz,Webcam,,,"Wi-Fi, USB, HDMI",Touch,"3.9  3.9 out of 5 stars    
    80 ratings   


 3.9 out of 5 stars",1920x1080,,,Laptop,Intel UHD Graphics,,,,Solid State,512 GB,Yes,"Microphone, Keyboard",,,Backlit,QWERTY,HP,Built-in or Boundary,EliteBook,,,1920 x 1080 pixels,,,6,,,AC adapter,,4,,1.8 GHz,,1,,DDR4 SDRAM,,1080p,anti-glare,13.3 Inches,,,,,1,2,3,788362913168,HDMI,Intel,,Yes,[Assumption 802.11ax],Bluetooth,Bluetooth,,,,,,,,,,,,,,,,,,,,,,,358.89,,HP,,1.8 GHz,,,,,,,Intel UHD Graphics,,,512 GB,,,2.73 Pounds,,,,,EliteBook,,,,,,1080p,13.3 Inches,"Backlit Keyboard,Fingerprint",,3,,4.3 out of 5 stars,,,,,,,,,,,,,,,,,,,,,,,,,"HP EliteBook 830 G7 Businesses Laptop, 13.3"" FHD Laptops, Intel Core i7-10610U 1.8GHz, 32GB RAM, 512GB SSD, Backlit Keyboard, Webcam, Bluetooth, Windows 10 Pro (Renewed)",N/A,https://www.amazon.com/HP-EliteBook-i7-10610U-Fingerprint-Keyboard/dp/B0BZHVYR8P/ref=sr_1_968?dib=eyJ2IjoiMSJ9._b6jCK6mJ38sPyrh3aDcS2cixukpRzf6Fahb-NPry05pOmMD8dffT5UM0k2LR3OGe7Be2nkRA4Of9-ZXMQur8Y3K6j3FkEgpUcbUEEsNd-LRqrTzBEy_UXTUnGj9YoYryEZgreW-fMy3Qf6T4NlTB1Fk4nhXPH9FrBIjTGy6vDuY2wIs3eAZdCWBM2xwYsLJ5Y_Gl135g-TtQYZF7rExjLZtkgszwP6BFMKer9wfraV5Kl3j-tRtU8NzFZnX5V-rrfsbExF2n6d9LnZDeFamAVXdeBIs1b1OobpXxt55r7I.973expCQ2q9usB0qFkIzEuXVYrPdAjKmrQc58ySt4uw&dib_tag=se&qid=1726998118&s=pc&sr=1-968
,,,,,,,,,,,,,,,,,,,,,,,,B0DBZPPD63,Memory Card Slot,Headphones,,,,,,Lithium Ion,"#27,837 in Computers & Accessories (See Top 100 in Computers & Accessories)  #4,635 in Traditional Laptop Computers",,,Naclud,,Celeron,,,,Gray,Wi-Fi,,"2.0  2.0 out of 5 stars    
    2 ratings   


 2.0 out of 5 stars",1920 x 1080 Pixels,,LCD,Notebook,Integrated,Integrated,,SSD,USB 3.0,512 GB,,,,"15.6""L x 9""W x 0.6""Th",Multimedia,,Naclud,,Naclud-X15,Naclud-X15,,,,,,11 HOME,,,Intel,4,Celeron,2.9 GHz,12 GB,,DDR4,DDR4 SDRAM,12 GB,1080p,,15.6 Inches,,,,,,,,721545646927,,Intel,,,,,Wi-Fi,,,,,,,,,,,,,,,,,,,,,,,849.99,,Naclud,Celeron,,,Gray,,,,Integrated,,,,512 GB,,,,,,,,Naclud-X15,11 HOME,,,,12 GB,,15.6 Inches,Memory Card Slot,,,,4.4 out of 5 stars,,,,,,,,,,,,,,,,,,,,,,,,,"15.6 Inch Laptops, Laptop Computer with 12GB RAM 512GB SSD, Celeron N5095 Quad-Core(Up to 2.9GHz), 15.6"" IPS Notebook, 5G WiFi, USB 3.0, Mini HDMI, Webcam, Type-C(Gray)",$949.99,https://www.amazon.com/Naclud-Laptops-Computer-Quad-Core-Notebook/dp/B0DBZPPD63/ref=sr_1_983?dib=eyJ2IjoiMSJ9._b6jCK6mJ38sPyrh3aDcS2cixukpRzf6Fahb-NPry05pOmMD8dffT5UM0k2LR3OGe7Be2nkRA4Of9-ZXMQur8Y3K6j3FkEgpUcbUEEsNd-LRqrTzBEy_UXTUnGj9YoYryEZgreW-fMy3Qf6T4NlTB1Fk4nhXPH9FrBIjTGy6vDuY2wIs3eAZdCWBM2xwYsLJ5Y_Gl135g-TtQYZF7rExjLZtkgszwP6BFMKer9wfraV5Kl3j-tRtU8NzFZnX5V-rrfsbExF2n6d9LnZDeFamAVXdeBIs1b1OobpXxt55r7I.973expCQ2q9usB0qFkIzEuXVYrPdAjKmrQc58ySt4uw&dib_tag=se&qid=1726998118&s=pc&sr=1-983
,,,,,,,,,,,,,,,,,,,,,,,,B0DCC9ZQ48,Memory Card Slot,internal,,,,,,Lithium Ion,"#19,382 in Computers & Accessories (See Top 100 in Computers & Accessories)  #3,049 in Traditional Laptop Computers",5.0,Yes,Naclud,7,Celeron,,,,Black,Wi-Fi,,"3.0  3.0 out of 5 stars    
    5 ratings   


 3.0 out of 5 stars",1366 x 768 Pixels,LCD,LCD,Netbook,Integrated,Integrated,,SSD,USB 3.0,256 GB,Yes,,,"15.6""L x 9""W x 0.6""Th",Chiclet,QWERTY,Naclud,Integrated,Naclud-M15PRO,Naclud-M15PRO,,1366 x 768 pixels,,,5,,,Rechargeable Lithium-ion Battery,Intel,4,Celeron,2.6 GHz,8 GB,1,DDR4,DDR4 SDRAM,8 GB,1366 x 768 pixels,,15.6 Inches,,,,,,,2,721545646989,Mini HDMI,Intel,,Yes,,Bluetooth,"Bluetooth, Wi-Fi",,,,,,,,,,,,,,,,,,,,,,,209.99,,Naclud,Celeron,,,Black,,,,Integrated,Integrated,,,256 GB,,,,,,,,Naclud-M15PRO,,,,,8 GB,,15.6 Inches,Memory Card Slot,,,,3.0 out of 5 stars,,,,,,,,,,,,,,,,,,,,,,,,,"15.6 Inch Laptop 8GB DDR4 256GB SSD, Laptops with Celeron Quad-Core Processor(Up to 2.6GHz), 7200mAh, 2.4/5.0G WiFi, Bluetooth 5.0, Webcam, Mini HDMI, USB 3.0",N/A,https://www.amazon.com/Naclud-Laptops-Quad-Core-Processor-Bluetooth/dp/B0DCC9ZQ48/ref=sr_1_985?dib=eyJ2IjoiMSJ9._b6jCK6mJ38sPyrh3aDcS2cixukpRzf6Fahb-NPry05pOmMD8dffT5UM0k2LR3OGe7Be2nkRA4Of9-ZXMQur8Y3K6j3FkEgpUcbUEEsNd-LRqrTzBEy_UXTUnGj9YoYryEZgreW-fMy3Qf6T4NlTB1Fk4nhXPH9FrBIjTGy6vDuY2wIs3eAZdCWBM2xwYsLJ5Y_Gl135g-TtQYZF7rExjLZtkgszwP6BFMKer9wfraV5Kl3j-tRtU8NzFZnX5V-rrfsbExF2n6d9LnZDeFamAVXdeBIs1b1OobpXxt55r7I.973expCQ2q9usB0qFkIzEuXVYrPdAjKmrQc58ySt4uw&dib_tag=se&qid=1726998118&s=pc&sr=1-985
,,,,,,,,,,,,,,,,,,,,,,,,B08LDY37P7,Portable,Headphones,,,Windows 10 Pro,,,Lithium Ion,"#41,285 in Electronics (See Top 100 in Electronics)  #219 in Renewed Laptops  #852 in Traditional Laptop Computers",,Yes,Dell,8,i5-8350U,3.6 GHz,,Intel Q370,Black,"USB, HDMI, DisplayPort, Thunderbolt",Touch,"4.3  4.3 out of 5 stars    
    326 ratings   


 4.3 out of 5 stars",1920 x 1080 Pixels,LCD,LCD,Laptop,,Integrated,DDR4 SDRAM,SSD,Serial ATA,256 GB,Yes,Touch Pad,"'USB Ports, USB 3.1 Gen 1 Ports, USB Type-C, HDMI, DisplayPort over USB Type C with optional Thunderbolt 3'","12""L x 0.66""W x 8.2""Th",Chiclet,QWERTY,n\,,Dell Latitude,DT-RMM8-6UED,2017,1920 x 1080 pixels,,,5,Windows 10,,AC adapter,Intel,1,Core i5,1.7 GHz,8 GB,2,DDR4,DDR4 SDRAM,,1080p,matte with anti-glare finish,13.3 Inches,,,"Student, Gaming, Business",1,1,1,,649661384106,HDMI,Intel,,Yes,Wi-Fi 6,Bluetooth,Bluetooth,,,,,,,,,,,,,,,,,,,,,,,188.59,,Dell,Core i5,,,Black,,,,Integrated,,,,256 GB,,,,,,,,Dell Latitude,Windows 10,,,,8 GB,,13.3 Inches,Portable,,,,4.4 out of 5 stars,,,,,,,,,,,,,,,,,,,,,,,,,"Dell Latest Latitude 7390 13.3"" FHD Display Laptop, 8th Generation Intel Core i5-8350U Processor, 8GB RAM, 256GB SSD, Wireless+Bluetooth, HDMI?Window 10 Pro (Renewed)",N/A,https://www.amazon.com/Latest_Dell-Generation-Processor-Bluetooth-HDMI%EF%BC%8CWindow/dp/B08LDY37P7/ref=sr_1_659?dib=eyJ2IjoiMSJ9.dX6W-f_Ba_x74gXvBW3EwCNOq-FeQDHolI-Cg18peRKg8VaSKze27dIRMIneDTcyr_XH3ixVzW7gLcytqmc3MM4_AztqlrLydnKRgDgns0M96NvgSdgwpKwvgszInVUhGjZ0EE2sLzuJrYCtFFXjPolI32pFh_JKO_b2ObYVQ6h6oQ0fbZ4IXfagkGJ886uAfJGHa1y6mGfzk3RRx8z_sDLY1QIQYjQ-B9Nogk7x_ilB4JvMcUsJ7KUWpbM399nev1hB2jI9zOFrfuYZ5L529mwnXUhqi_wuicRjqjVH9yg.4Q5p-c3pCrQg8zB8_zO8BiiDqUreyMa-K8Wi61Nl404&dib_tag=se&qid=1726998952&s=pc&sr=1-659
,,,,,,,,,,,,,,,,,,,,,,,,B08LDY37P7,Portable,Headphones,,,Windows 10 Pro,,,Lithium Ion,"#41,285 in Electronics (See Top 100 in Electronics)  #219 in Renewed Laptops  #852 in Traditional Laptop Computers",,Yes,Dell,8,i5-8350U,3.6 GHz,,Intel Q370,Black,"USB, HDMI, DisplayPort, Thunderbolt",Touch,"4.3  4.3 out of 5 stars    
    326 ratings   


 4.3 out of 5 stars",1920 x 1080 Pixels,LCD,LCD,Laptop,,Integrated,DDR4 SDRAM,SSD,Serial ATA,256 GB,Yes,Touch Pad,"'USB Ports, USB 3.1 Gen 1 Ports, USB Type-C, HDMI, DisplayPort over USB Type C with optional Thunderbolt 3'","12""L x 0.66""W x 8.2""Th",Chiclet,QWERTY,n\,,Dell Latitude,DT-RMM8-6UED,2017,1920 x 1080 pixels,,,5,Windows 10,,AC adapter,Intel,1,Core i5,1.7 GHz,8 GB,2,DDR4,DDR4 SDRAM,,1080p,matte with anti-glare finish,13.3 Inches,,,"Student, Gaming, Business",1,1,1,,649661384106,HDMI,Intel,,Yes,Wi-Fi 6,Bluetooth,Bluetooth,,,,,,,,,,,,,,,,,,,,,,,188.59,,Dell,Core i5,,,Black,,,,Integrated,,,,256 GB,,,,,,,,Dell Latitude,Windows 10,,,,8 GB,,13.3 Inches,Portable,,,,4.4 out of 5 stars,,,,,,,,,,,,,,,,,,,,,,,,,"Dell Latest Latitude 7390 13.3"" FHD Display Laptop, 8th Generation Intel Core i5-8350U Processor, 8GB RAM, 256GB SSD, Wireless+Bluetooth, HDMI?Window 10 Pro (Renewed)",N/A,https://www.amazon.com/Latest_Dell-Generation-Processor-Bluetooth-HDMI%EF%BC%8CWindow/dp/B08LDY37P7/ref=sr_1_676?dib=eyJ2IjoiMSJ9.uN3tUF3DLBpIEvYESnR6mol8OehEhmRLagJsUqvCKZwOjvpxRJawCYIlWOo8JsMHvJpd5BeqDQZA0D8TE6KGlPITcRZJn79GgJy9iUkNXEvPZTeddp6qoRZuTwHOMzQa0IqWbOvHxsCbHjRKY5QgovLEfrBFPX_50VsMOj2L0viqG2O09M75n4WpDNYvVhihVJ2SwIfPH_Nb5qsbdaVXCcQZ2jIkoqfvNnq6_TLxm3jbpdeTw-RpQbW_-nix4vU2CaA9KuQeI9YiGOCUjPl4DQJT5dtpK-TQ7cH5DdDbVys.wcSEnJew1ai0zUSwQVz0sujA5QgqPKhcB0w-Hw2fHaQ&dib_tag=se&qid=1726998956&s=pc&sr=1-676
,,,,,,,,,,,,,,,,,,,,,,,,B08NHVXHJW,Stereo Speakers,"Headphones, Speakers",No,,Webcam,12 Hours,12 Hours,Lithium Polymer,"#4,068 in Computers & Accessories (See Top 100 in Computers & Accessories)  #475 in Traditional Laptop Computers",,No,HP,,Celeron N4020,,,,Blue,"Bluetooth, Wi-Fi",Touch,"4.4  4.4 out of 5 stars    
    1,258 ratings   


 4.4 out of 5 stars",1366 x 768 Pixels,LCD,LCD,,Intel UHD Graphics 600,Integrated,DDR4 SDRAM,SSD,Solid State,64 GB,,"Touchscreen, Microphone, Keyboard, Touch Pad",1,"21""L x 12""W x 3""Th",,QWERTY,hp,,HP Chromebook,14a-ca0030wm,2020,1366 x 768,,,2,Chrome OS,No Optical Drive,,Intel,2,Celeron N4020,1.1 GHz,4 GB,,DDR4,DDR4 SDRAM,4 GB,720p,,14 Inches,,,"Multimedia, Gaming",1,,,3,195122198862,,Intel,No,Yes,,"Bluetooth, 802.11a",Wi-Fi,,,,,,,,,,,,,,,,,,,,,,,298.98,,HP,Celeron N4020,,,Blue,,,,Integrated,,,,64 GB,,,,,,,,HP Chromebook,Chrome OS,,,,4 GB,,14 Inches,Stereo Speakers,,,,4.6 out of 5 stars,,,,,,,,,,,,,,,,,,,,,,,,,"HP Laptop X360 14a Chromebook 14"" HD Touchscreen, Entertaining from Any Angle Intel Celeron, 4GB DDR4 64GB eMMC WiFi Webcam Stereo Speakers Bluetooth 4.2 Chrome Blue Metallic Color",N/A,https://www.amazon.com/HP-Chromebook-Touchscreen-Entertaining-Bluetooth/dp/B08NHVXHJW/ref=sr_1_678?dib=eyJ2IjoiMSJ9.uN3tUF3DLBpIEvYESnR6mol8OehEhmRLagJsUqvCKZwOjvpxRJawCYIlWOo8JsMHvJpd5BeqDQZA0D8TE6KGlPITcRZJn79GgJy9iUkNXEvPZTeddp6qoRZuTwHOMzQa0IqWbOvHxsCbHjRKY5QgovLEfrBFPX_50VsMOj2L0viqG2O09M75n4WpDNYvVhihVJ2SwIfPH_Nb5qsbdaVXCcQZ2jIkoqfvNnq6_TLxm3jbpdeTw-RpQbW_-nix4vU2CaA9KuQeI9YiGOCUjPl4DQJT5dtpK-TQ7cH5DdDbVys.wcSEnJew1ai0zUSwQVz0sujA5QgqPKhcB0w-Hw2fHaQ&dib_tag=se&qid=1726998956&s=pc&sr=1-678
,,,,,,,,,,,,,,,,,,,,,,,,B08NHVXHJW,Stereo Speakers,"Headphones, Speakers",No,,Webcam,12 Hours,12 Hours,Lithium Polymer,"#4,068 in Computers & Accessories (See Top 100 in Computers & Accessories)  #475 in Traditional Laptop Computers",,No,HP,,Celeron N4020,,,,Blue,"Bluetooth, Wi-Fi",Touch,"4.4  4.4 out of 5 stars    
    1,258 ratings   


 4.4 out of 5 stars",1366 x 768 Pixels,LCD,LCD,,Intel UHD Graphics 600,Integrated,DDR4 SDRAM,SSD,Solid State,64 GB,,"Touchscreen, Microphone, Keyboard, Touch Pad",1,"21""L x 12""W x 3""Th",,QWERTY,hp,,HP Chromebook,14a-ca0030wm,2020,1366 x 768,,,2,Chrome OS,No Optical Drive,,Intel,2,Celeron N4020,1.1 GHz,4 GB,,DDR4,DDR4 SDRAM,4 GB,720p,,14 Inches,,,"Multimedia, Gaming",1,,,3,195122198862,,Intel,No,Yes,,"Bluetooth, 802.11a",Wi-Fi,,,,,,,,,,,,,,,,,,,,,,,298.98,,HP,Celeron N4020,,,Blue,,,,Integrated,,,,64 GB,,,,,,,,HP Chromebook,Chrome OS,,,,4 GB,,14 Inches,Stereo Speakers,,,,4.6 out of 5 stars,,,,,,,,,,,,,,,,,,,,,,,,,"HP Laptop X360 14a Chromebook 14"" HD Touchscreen, Entertaining from Any Angle Intel Celeron, 4GB DDR4 64GB eMMC WiFi Webcam Stereo Speakers Bluetooth 4.2 Chrome Blue Metallic Color",N/A,https://www.amazon.com/HP-Chromebook-Touchscreen-Entertaining-Bluetooth/dp/B08NHVXHJW/ref=sr_1_678?dib=eyJ2IjoiMSJ9.uN3tUF3DLBpIEvYESnR6mol8OehEhmRLagJsUqvCKZwOjvpxRJawCYIlWOo8JsMHvJpd5BeqDQZA0D8TE6KGlPITcRZJn79GgJy9iUkNXEvPZTeddp6qoRZuTwHOMzQa0IqWbOvHxsCbHjRKY5QgovLEfrBFPX_50VsMOj2L0viqG2O09M75n4WpDNYvVhihVJ2SwIfPH_Nb5qsbdaVXCcQZ2jIkoqfvNnq6_TLxm3jbpdeTw-RpQbW_-nix4vU2CaA9KuQeI9YiGOCUjPl4DQJT5dtpK-TQ7cH5DdDbVys.wcSEnJew1ai0zUSwQVz0sujA5QgqPKhcB0w-Hw2fHaQ&dib_tag=se&qid=1726998956&s=pc&sr=1-678
,,,,,,,,,,,,,,,,,,,,,,,,B0DDQB9VZH,Memory Card Slot,Headphones,,,,,,Lithium Ion,"#58,631 in Computers & Accessories (See Top 100 in Computers & Accessories)  #10,908 in Traditional Laptop Computers",,,Naclud,,Celeron,,,,Gray,Wi-Fi,,"5.0  5.0 out of 5 stars    
    2 ratings   


 5.0 out of 5 stars",1920 x 1080 Pixels,,LCD,Notebook,Integrated,Integrated,DDR4 SDRAM,SSD,USB 3.0,512 GB,,,,"17.3""L x 10""W x 0.6""Th",,,Naclud,,Naclud-M17PRO,Naclud-M17PRO,,,,,,Windows 11,,,Intel,4,Celeron,2.5 GHz,8 GB,,DDR4,DDR4 SDRAM,8 GB,1080p,,17.3 Inches,,,,,,,,721545846082,,Intel,,,,,"Bluetooth, Wi-Fi",,,,,,,,,,,,,,,,,,,,,,,499.99,,Naclud,Celeron,,,Gray,,,,Integrated,,,,512 GB,,,,,,,,Naclud-M17PRO,Windows 11,,,,8 GB,,17.3 Inches,Memory Card Slot,,,,5.0 out of 5 stars,,,,,,,,,,,,,,,,,,,,,,,,,"17.3 Inch Laptops Computer, Notebook with Celeron J4105 Processor(up to 2.5 GHz), 8GB DDR4 256GB SSD Laptop, 8000mAh, Webcam, Mini HDMI, Dual WiFi, Type-C, USB3.2 * 2(Gray)",N/A,https://www.amazon.com/Naclud-Laptops-Dual-core-Processor-Expansion/dp/B0DDQB9VZH/ref=sr_1_679?dib=eyJ2IjoiMSJ9.uN3tUF3DLBpIEvYESnR6mol8OehEhmRLagJsUqvCKZwOjvpxRJawCYIlWOo8JsMHvJpd5BeqDQZA0D8TE6KGlPITcRZJn79GgJy9iUkNXEvPZTeddp6qoRZuTwHOMzQa0IqWbOvHxsCbHjRKY5QgovLEfrBFPX_50VsMOj2L0viqG2O09M75n4WpDNYvVhihVJ2SwIfPH_Nb5qsbdaVXCcQZ2jIkoqfvNnq6_TLxm3jbpdeTw-RpQbW_-nix4vU2CaA9KuQeI9YiGOCUjPl4DQJT5dtpK-TQ7cH5DdDbVys.wcSEnJew1ai0zUSwQVz0sujA5QgqPKhcB0w-Hw2fHaQ&dib_tag=se&qid=1726998956&s=pc&sr=1-679
,,,,,,,,,,,,,,,,,,,,,,,,B0CQ4MC48J,Backlit Keyboard,,,,,,,,"#20,589 in Computers & Accessories (See Top 100 in Computers & Accessories)  #194 in 2 in 1 Laptop Computers",,,acer,,,,,,,"Wi-Fi, USB, HDMI",Touch,"5.0  5.0 out of 5 stars    
    1 rating   


 5.0 out of 5 stars",1920 x 1080 pixels,,,,AMD Radeon,,,,,128 GB,,"Touchscreen, Keyboard",,,Backlit,,Acer,,,4355,,1920 x 1080 pixels,,,,,,,AMD,,,,,,,,,1080p,,14 Inches,,,,,,,,193199981578,,AMD,,,,,Wi-Fi,,,,,,,,,,,,,,,,,,,,,,,360.00,,acer,,,,,"Wi-Fi, USB, HDMI",,,,AMD Radeon,AMD,,128 GB,,,3.42 Pounds,,,,,,,,,,,1080p,14 Inches,Backlit Keyboard,,,,4.3 out of 5 stars,,,,,,,,,,,,,,,,,,,,,,,,,acer - Chromebook Spin 514 – Convertible - 14” Full HD Touch – AMD Ryzen 5 3500C – 8GB DDR4 – 128GB eMMC – HDMI - Mist Green DealExpress Accessories,N/A,https://www.amazon.com/acer-Chromebook-Convertible-DealExpress-Accessories/dp/B0CQ4MC48J/ref=sr_1_704?dib=eyJ2IjoiMSJ9.r7MdaUvVNTnT0aEgIxIwbSq6lCaRVFbeIliPzOmRD5nymPPFLrTDBdAN18u8XOPoW-q8bT4TeiLW6oZduBmtfQl79H8yK1iqFtQnyV0tQs7JMP1zPKeECDdXzZTucpIicBPMjdktCFdeLM901RA53INXHgicyKZ2--W6c53U4VcIwwnI8s1eQcRJ9ydLmQB1AldYBFR4wSuYrNKHKKPig59FOzaPIxY-WmIzZlTeR_CfrMXYO-MCpNbVhbK1LVIpErIKXAZgofT2jFH8LvIGlARWu6HJSO-YVnGykUgCzjA.n3MkOZwP41BsfnPzEKN8u9gwphTgyy2Ld6zH3QjfP2o&dib_tag=se&qid=1726998962&s=pc&sr=1-704
,,,,,,,,,,,,,,,,,,,,,,,,B0BBSWM18S,Backlit Keyboard,Headphones,No,,,8 Hours,,Lithium Ion,"#35,239 in Computers & Accessories (See Top 100 in Computers & Accessories)  #6,042 in Traditional Laptop Computers",,Yes,Lenovo,,,,Front,,ThinkPad X1 Carbon,Thunderbolt,Touch,"3.7  3.7 out of 5 stars    
    12 ratings   


 3.7 out of 5 stars",1920 x 1200 Pixels,LED,,Ultra-Portable,Intel Iris Xe Graphics,,,,,512 GB,Yes,Touchscreen,,"12.43""L x 8.76""W x 0.6""Th",,,Lenovo,Integrated,,21CB-i7-16GB-512 GB,2013,1920 x 1200 pixels,,,,,,AC adapter with USB-C,,1,Core i7,3.4 GHz,16 GB,,,DDR5 RAM,,,Anti-glare,14 Inches,,,,,,,4,196379701225,,,,,,Bluetooth,Wi-Fi,,,,,,,,,,,,,,,,,,,,,,,879.77,,Lenovo,Core i7,3.4 GHz,,ThinkPad X1 Carbon,,,,,Intel Iris Xe Graphics,,,512 GB,,,2.48 Pounds,,,,,,,,,,16 GB,,14 Inches,Backlit Keyboard,,,,4.4 out of 5 stars,,,,,,,,,,,,,,,,,,,,,,,,,"Lenovo Latest ThinkPad X1 Carbon Gen 10, Intel i7-1260P (12 Cores), 14"" FHD IPS, Anti-Glare, 16GB DDR5, 512 GB SSD, Fingerprint Reader, 1080p Camera, Win 11 Pro (Authorized Reseller)",$949.00,https://www.amazon.com/Lenovo-Anti-Glare-GB-Fingerprint-Authorized/dp/B0BBSWM18S/ref=sr_1_716?dib=eyJ2IjoiMSJ9.r7MdaUvVNTnT0aEgIxIwbSq6lCaRVFbeIliPzOmRD5nymPPFLrTDBdAN18u8XOPoW-q8bT4TeiLW6oZduBmtfQl79H8yK1iqFtQnyV0tQs7JMP1zPKeECDdXzZTucpIicBPMjdktCFdeLM901RA53INXHgicyKZ2--W6c53U4VcIwwnI8s1eQcRJ9ydLmQB1AldYBFR4wSuYrNKHKKPig59FOzaPIxY-WmIzZlTeR_CfrMXYO-MCpNbVhbK1LVIpErIKXAZgofT2jFH8LvIGlARWu6HJSO-YVnGykUgCzjA.n3MkOZwP41BsfnPzEKN8u9gwphTgyy2Ld6zH3QjfP2o&dib_tag=se&qid=1726998962&s=pc&sr=1-716
,,,,,,,,,,,,,,,,,,,,,,,,B08NHVXHJW,Stereo Speakers,"Headphones, Speakers",No,,Webcam,12 Hours,12 Hours,Lithium Polymer,"#4,068 in Computers & Accessories (See Top 100 in Computers & Accessories)  #475 in Traditional Laptop Computers",,No,HP,,Celeron N4020,,,,Blue,"Bluetooth, Wi-Fi",Touch,"4.4  4.4 out of 5 stars    
    1,258 ratings   


 4.4 out of 5 stars",1366 x 768 Pixels,LCD,LCD,,Intel UHD Graphics 600,Integrated,DDR4 SDRAM,SSD,Solid State,64 GB,,"Touchscreen, Microphone, Keyboard, Touch Pad",1,"21""L x 12""W x 3""Th",,QWERTY,hp,,HP Chromebook,14a-ca0030wm,2020,1366 x 768,,,2,Chrome OS,No Optical Drive,,Intel,2,Celeron N4020,1.1 GHz,4 GB,,DDR4,DDR4 SDRAM,4 GB,720p,,14 Inches,,,"Multimedia, Gaming",1,,,3,195122198862,,Intel,No,Yes,,"Bluetooth, 802.11a",Wi-Fi,,,,,,,,,,,,,,,,,,,,,,,298.98,,HP,Celeron N4020,,,Blue,,,,Integrated,,,,64 GB,,,,,,,,HP Chromebook,Chrome OS,,,,4 GB,,14 Inches,Stereo Speakers,,,,4.6 out of 5 stars,,,,,,,,,,,,,,,,,,,,,,,,,"HP Laptop X360 14a Chromebook 14"" HD Touchscreen, Entertaining from Any Angle Intel Celeron, 4GB DDR4 64GB eMMC WiFi Webcam Stereo Speakers Bluetooth 4.2 Chrome Blue Metallic Color",N/A,https://www.amazon.com/HP-Chromebook-Touchscreen-Entertaining-Bluetooth/dp/B08NHVXHJW/ref=sr_1_748?dib=eyJ2IjoiMSJ9.AHhPD6_Ot9mvX-LXbYO2MEdaeO3F2cGwHjEHE_oTyAfVOpRbdgRXjY7R93F4di6VI1hmikr1qR0xmBFl5WWv9fzfEIYiZinMHuMVdZu0FlOQ-RPDJhn-1saXDHeQvBzvfshssddbFFtgt2WZwc9PBJXOK0hB8nKmgKTP8uCYrywDlpP8IzN1gURi0igyUU3NM2u7AvHv_JcoA9dmBeCO91Y7pekdB61LdpiRvtIJg5QN_RjQtZf-JDTjfFupXDVvfy0K7SyrmbsGfZHRixzzJvPOjNKNU4zpKeu_L68CxX4.O1c4gg0vwiUZ8-xOUohYsiyfGA8pnVEIQ0e2b69Htgs&dib_tag=se&qid=1726998971&s=pc&sr=1-748
,,,,,,,,,,,,,,,,,,,,,,,,B08NHVXHJW,Stereo Speakers,"Headphones, Speakers",No,,Webcam,12 Hours,12 Hours,Lithium Polymer,"#4,068 in Computers & Accessories (See Top 100 in Computers & Accessories)  #475 in Traditional Laptop Computers",,No,HP,,Celeron N4020,,,,Blue,"Bluetooth, Wi-Fi",Touch,"4.4  4.4 out of 5 stars    
    1,258 ratings   


 4.4 out of 5 stars",1366 x 768 Pixels,LCD,LCD,,Intel UHD Graphics 600,Integrated,DDR4 SDRAM,SSD,Solid State,64 GB,,"Touchscreen, Microphone, Keyboard, Touch Pad",1,"21""L x 12""W x 3""Th",,QWERTY,hp,,HP Chromebook,14a-ca0030wm,2020,1366 x 768,,,2,Chrome OS,No Optical Drive,,Intel,2,Celeron N4020,1.1 GHz,4 GB,,DDR4,DDR4 SDRAM,4 GB,720p,,14 Inches,,,"Multimedia, Gaming",1,,,3,195122198862,,Intel,No,Yes,,"Bluetooth, 802.11a",Wi-Fi,,,,,,,,,,,,,,,,,,,,,,,298.98,,HP,Celeron N4020,,,Blue,,,,Integrated,,,,64 GB,,,,,,,,HP Chromebook,Chrome OS,,,,4 GB,,14 Inches,Stereo Speakers,,,,4.6 out of 5 stars,,,,,,,,,,,,,,,,,,,,,,,,,"HP Laptop X360 14a Chromebook 14"" HD Touchscreen, Entertaining from Any Angle Intel Celeron, 4GB DDR4 64GB eMMC WiFi Webcam Stereo Speakers Bluetooth 4.2 Chrome Blue Metallic Color",N/A,https://www.amazon.com/HP-Chromebook-Touchscreen-Entertaining-Bluetooth/dp/B08NHVXHJW/ref=sr_1_748?dib=eyJ2IjoiMSJ9.AHhPD6_Ot9mvX-LXbYO2MEdaeO3F2cGwHjEHE_oTyAfVOpRbdgRXjY7R93F4di6VI1hmikr1qR0xmBFl5WWv9fzfEIYiZinMHuMVdZu0FlOQ-RPDJhn-1saXDHeQvBzvfshssddbFFtgt2WZwc9PBJXOK0hB8nKmgKTP8uCYrywDlpP8IzN1gURi0igyUU3NM2u7AvHv_JcoA9dmBeCO91Y7pekdB61LdpiRvtIJg5QN_RjQtZf-JDTjfFupXDVvfy0K7SyrmbsGfZHRixzzJvPOjNKNU4zpKeu_L68CxX4.O1c4gg0vwiUZ8-xOUohYsiyfGA8pnVEIQ0e2b69Htgs&dib_tag=se&qid=1726998971&s=pc&sr=1-748
,,,,,,,,,,,,,,,,,,,,,,,,B08SHML435,Anti Glare Coating,Headphones,Yes,,Windows 10 Pro,,,Lithium Ion,"#13,657 in Computers & Accessories (See Top 100 in Computers & Accessories)  #543 in Renewed Laptops  #1,743 in Renewed Computers & Accessories  #1,968 in Traditional Laptop Computers",,Yes,Lenovo,8th Generation,8550u,4 GHz,Front,,Black,"USB, Ethernet",Touch,"4.2  4.2 out of 5 stars    
    112 ratings   


 4.2 out of 5 stars",1366 x 768 Pixels,LCD,LCD,Notebook,Intel UHD Graphics 620,"Intel UHD Graphics 620, Integrated",SDRAM,"SSD, HDD",Solid State,256 GB,,Microphone,lenovo laptop,"13""L x 8.9""W x 0.7""Th",Ergonomic,QWERTY,Lenovo,,Thinkpad T490,Thinkpad T490,2018,1366x768,,1,6,Windows 10 Pro,No Optical Drive,Internal Battery,Intel,1,Intel Core i7,1.9 GHz,16 GB,,"SDRAM, DDR3",SDRAM,48 GB,720p,anti-glare,14 Inches,,,Business,,1,1,3,680168904794,HDMI,Intel,,Yes,,802.11ac,Bluetooth,,,,,,,,,,,,,,,,,,,,,,,262.86,,Lenovo,Intel Core i7,,,Black,,,,"Intel UHD Graphics 620, Integrated",,,,256 GB,,,,,,,,Thinkpad T490,Windows 10 Pro,,,,16 GB,,14 Inches,Anti Glare Coating,,,,4.6 out of 5 stars,,,,,,,,,,,,,,,,,,,,,,,,,Lenovo ThinkPad T490 14 HD Notebook - Intel Core i7 (8th Gen) i7-8665U Quad-core 1.90 GHz - 16 GB RAM - 256 GB SSD - Black - Windows 10 Pro (Renewed),N/A,https://www.amazon.com/Lenovo-ThinkPad-T490-Notebook-Quad-core/dp/B08SHML435/ref=sr_1_790?dib=eyJ2IjoiMSJ9.nO8fX4_p9G3q9rz2kxDR3HfeSqYjH5wP_pBI2_yw9ER8omueFDHSQ0tDIUMt9z9JWOwoxOtLtBJQwwZ6Ph4Qqt-EOWXWvT0sdlZ6Jp_d2lTpE5qL_3SBWj9hppB1RPX5WVwprm1yLlVlkvtVx2fAkCydnGEZaz3anOEpjwbmstBwkbkyd0wXCoLXG3EeqzbgEZ-s0OscHeOrQzpKdGtrEqfUADl0REivL8i3lKjUp8j6x1_gq-OVYw1aGzARtGyua8v3TuFVYoAyIzVuW0JqNQ4IYsbt088cGvU8bqHmbXE.u1DIHX5DohbSyfqo3kidNi3GrE4yWota7LqFlSawOd8&dib_tag=se&qid=1726998975&s=pc&sr=1-790
,,,,,,,,,,,,,,,,,,,,,,,,B0BZHVYR8P,"Backlit Keyboard,Fingerprint",Headphones,,Includes headphones,Windows 10 Pro,,,,"#12,014 in Computers & Accessories (See Top 100 in Computers & Accessories)  #416 in Renewed Laptops  #1,343 in Renewed Computers & Accessories  #1,678 in Traditional Laptop Computers",5.0,,HP,,,4.9 GHz,Webcam,,,"Wi-Fi, USB, HDMI",Touch,"3.9  3.9 out of 5 stars    
    80 ratings   


 3.9 out of 5 stars",1920x1080,,,Laptop,Intel UHD Graphics,,,,Solid State,512 GB,Yes,"Microphone, Keyboard",,,Backlit,QWERTY,HP,Built-in or Boundary,EliteBook,,,1920 x 1080 pixels,,,6,,,AC adapter,,4,,1.8 GHz,,1,,DDR4 SDRAM,,1080p,anti-glare,13.3 Inches,,,,,1,2,3,788362913168,HDMI,Intel,,Yes,[Assumption 802.11ax],Bluetooth,Bluetooth,,,,,,,,,,,,,,,,,,,,,,,358.89,,HP,,1.8 GHz,,,,,,,Intel UHD Graphics,,,512 GB,,,2.73 Pounds,,,,,EliteBook,,,,,,1080p,13.3 Inches,"Backlit Keyboard,Fingerprint",,3,,4.3 out of 5 stars,,,,,,,,,,,,,,,,,,,,,,,,,"HP EliteBook 830 G7 Businesses Laptop, 13.3"" FHD Laptops, Intel Core i7-10610U 1.8GHz, 32GB RAM, 512GB SSD, Backlit Keyboard, Webcam, Bluetooth, Windows 10 Pro (Renewed)",N/A,https://www.amazon.com/HP-EliteBook-i7-10610U-Fingerprint-Keyboard/dp/B0BZHVYR8P/ref=sr_1_797?dib=eyJ2IjoiMSJ9.Lpi7Uv5zowelzoGiwFm89hTz2hPTm5uU447y2uYChTOXnlWtTrlCSHI-L6-OmIfQ-b9YE86_hUaof4MWc6al1c_esxCPKkylyw9G09VpS4URq2hIp6MBASQ14ZpxEsciOeTESOLjCpND1VBANGBa60xg6ep8MafbQiPkndHdz_7GXbT31FSh_Tlk4lWErGZxNe9z2cxCmn3RilMrdleTnjdMP_JMJUYjju8VuCtsVB-OCfBV05ZVQLK9YH4H2nR22X16YV9JM9b1WOV8Np6DBRgf-bHPha38WbMnDgdCj-k.Zb8hV349xM4V2lwmXwPULUzn37VeSIolTLI2EHjSxjs&dib_tag=se&qid=1726998981&s=pc&sr=1-797
,,,,,,,,,,,,,,,,,,,,,,,,B0CB6TFT9K,Numeric Keypad,"Headphones, Speakers",No,Stereo speaker sound,Webcam,,,Lithium Ion,"#11,547 in Computers & Accessories (See Top 100 in Computers & Accessories)  #1,600 in Traditional Laptop Computers",,Yes,Dell,13,3530,,Webcam,[INFERRED Intel 13th Generation Raptor Lake chipset],Black,"Bluetooth, Wi-Fi, USB, HDMI",Touch,"4.3  4.3 out of 5 stars    
    24 ratings   


 4.3 out of 5 stars",1920 x 1080 pixels,LED,LCD,Laptop,,Integrated,,SSD,Serial ATA,1 TB,,Numeric Keypad,"keyboard, touchpad, webcam, stereo speakers, HDMI and USB ports, and Windows 11 Home",,QWERTY,,Dell,,Dell Laptop,Inspiron 15 3530,2023,1920 x 1080 pixels,,,4,Windows 11 Home,,AC adapter,,,Intel Core i7-1355U,,32 GB,1,DDR4,DDR4 SDRAM,,1080p,anti-glare,15.6 Inches,,Built-in stereo speakers,"Student, Multimedia, Business, Productivity",1,,,3,884116514732,HDMI,Intel,,,Intel UHD Graphics,"Bluetooth, 5 GHz Radio Frequency","Bluetooth, Wi-Fi",,,,,,,,,,,,,,,,,,,,,,,750.00,,Dell,Intel Core i7-1355U,,,Black,,,,Integrated,,,,1 TB,,,,,,,,Dell Laptop,Windows 11 Home,,,,32 GB,,15.6 Inches,Numeric Keypad,,,,4.5 out of 5 stars,,,,,,,,,,,,,,,,,,,,,,,,,"Dell Newest 13th Generation Inspiron 15 3530 Laptop, 15.6"" FHD Touchscreen, Intel Core i7-1355U, 32GB RAM, 1TB SSD, Webcam, HDMI, Wi-Fi 6, Windows 11 Home, Black",N/A,https://www.amazon.com/Dell-Generation-Inspiron-3530-Touchscreen/dp/B0CB6TFT9K/ref=sr_1_816?dib=eyJ2IjoiMSJ9.Lpi7Uv5zowelzoGiwFm89hTz2hPTm5uU447y2uYChTOXnlWtTrlCSHI-L6-OmIfQ-b9YE86_hUaof4MWc6al1c_esxCPKkylyw9G09VpS4URq2hIp6MBASQ14ZpxEsciOeTESOLjCpND1VBANGBa60xg6ep8MafbQiPkndHdz_7GXbT31FSh_Tlk4lWErGZxNe9z2cxCmn3RilMrdleTnjdMP_JMJUYjju8VuCtsVB-OCfBV05ZVQLK9YH4H2nR22X16YV9JM9b1WOV8Np6DBRgf-bHPha38WbMnDgdCj-k.Zb8hV349xM4V2lwmXwPULUzn37VeSIolTLI2EHjSxjs&dib_tag=se&qid=1726998981&s=pc&sr=1-816
,,,,,,,,,,,,,,,,,,,,,,,,B0D7X92TQN,,,,,,,,,"#105,941 in Computers & Accessories (See Top 100 in Computers & Accessories)  #22,900 in Traditional Laptop Computers",,,HP INC.,,,,,,,,,,,,,,Intel UHD Graphics 620,Integrated,,,,,,,,,,,HP INC.,,A6UC5UT#ABA,A6UC5UT#ABA,,,,,,,,,Intel,,,,,,Dram,,,,,,,,,,,,,198415621207,,,,,,,,,,,,,,,,,,,,,,,,,,,,,,1237.99,,HP INC.,,,,,,,,Integrated,Intel UHD Graphics 620,,,,,,5.75 Pounds,,HP INC.,,,A6UC5UT#ABA,,,Dram,,,,,,,,,4.5 out of 5 stars,,,,,,,,,,,,,,,,,,,,,,,,,Hewlett Packard A6UC5UTABA Sbuy Hp Eb660g11 U5-125u 16 16gb/512 Pc Intel U5-125u 16 Wuxga Ag Led Uwva Ts,N/A,https://www.amazon.com/HP-INC-Hewlett-A6UC5UTABA-Eb660g11/dp/B0D7X92TQN/ref=sr_1_818?dib=eyJ2IjoiMSJ9.Lpi7Uv5zowelzoGiwFm89hTz2hPTm5uU447y2uYChTOXnlWtTrlCSHI-L6-OmIfQ-b9YE86_hUaof4MWc6al1c_esxCPKkylyw9G09VpS4URq2hIp6MBASQ14ZpxEsciOeTESOLjCpND1VBANGBa60xg6ep8MafbQiPkndHdz_7GXbT31FSh_Tlk4lWErGZxNe9z2cxCmn3RilMrdleTnjdMP_JMJUYjju8VuCtsVB-OCfBV05ZVQLK9YH4H2nR22X16YV9JM9b1WOV8Np6DBRgf-bHPha38WbMnDgdCj-k.Zb8hV349xM4V2lwmXwPULUzn37VeSIolTLI2EHjSxjs&dib_tag=se&qid=1726998981&s=pc&sr=1-818
,,,,,,,,,,,,,,,,,,,,,,,,B0D6347CCC,,"Headphone jack, Internal",Yes,"Standard audio features, including headphone and microphone support",Chrome OS,,,,"#11,294 in Amazon Renewed (See Top 100 in Amazon Renewed)  #1,278 in Renewed Laptops  #3,775 in Renewed Computers & Accessories  #5,559 in Traditional Laptop Computers",,Yes,acer,Carrizo,A6,,,AMD A-series,Grey,"Bluetooth, USB",Touch,"3.6  3.6 out of 5 stars    
    14 ratings   


 3.6 out of 5 stars",1920 x 1080,LCD,LCD,,AMD Radeon,AMD Radeon Graphics,,Emmc,,32 GB,Yes,Microphone,,"10.1""L x 15""W x 0.8""Th",Chiclet,QWERTY,Acer,Integrated microphone,Chromebook,,,1920 x 1080,,,4,Chrome OS,,battery,AMD,2,,1.8 GHz,4 GB,,DDR4,DDR4 SDRAM,4 GB,1920 x 1080,smooth,15.6 Inches,,,Student,1,,,4,840384901438,USB-C with DisplayPort Alt Mode,AMD,,Yes,,Bluetooth,Bluetooth,,,,,,,,,,,,,,,,,,,,,,,184.00,,acer,,1.8 GHz,,Grey,,,,AMD Radeon Graphics,AMD Radeon,,,32 GB,,,,,,,,Chromebook,Chrome OS,,,,4 GB,,15.6 Inches,,,,,3.6 out of 5 stars,,,,,,,,,,,,,,,,,,,,,,,,,"Acer Chromebook 315 CB315-2H-68E6 15.6"", AMD A6, 4GB RAM, 32GB eMMC, Chrome OS (Renewed)",N/A,https://www.amazon.com/Acer-Chromebook-CB315-2H-68E6-Chrome-Renewed/dp/B0D6347CCC/ref=sr_1_830?dib=eyJ2IjoiMSJ9.F-FND5w55tWf9PZepYG1DBS1sK3clrh84gV1lg19FiUIDUQrn-h3mwv0A8HWpZjJgxkPvUtMToxHCY6cj8TjBvDc802VAZvogLWvatvv80LVmW6psKUHo9AWtUKlsFALNQLjbmcm3pjdz8T5qIDbqXDJLFQTazMPhuQjmYBfgL2T4T9UPVquu6qMN1b0IvS3IB69ZhSZ_5P1vq5Ap3dYJXh3rm1H5noWx5zmSEIg-u-3NHCbbZqPYCMtzpuIEvphN4Cq34MVfGjKRVUZI5uf4EivzKdjwFrIXD9nLC77im0.LmRfR65SeHNLpJlMOcQTj3ICtDKcNeBb6a7snwqf2KM&dib_tag=se&qid=1726998985&s=pc&sr=1-830
,,,,,,,,,,,,,,,,,,,,,,,,B0CYM7KC1H,,Headphones,Yes,3.5mm headphone jack; stereo sound,Windows 11,,,Lithium Ion,"#4,212 in Computers & Accessories (See Top 100 in Computers & Accessories)  #130 in Renewed Laptops  #435 in Renewed Computers & Accessories  #487 in Traditional Laptop Computers",,Yes,HP,,N5030,3.68 GHz,Integrated Webcam,,Dale Red,"Bluetooth, Wi-Fi, USB, HDMI",Touch,"5.0  5.0 out of 5 stars    
    1 rating   


 5.0 out of 5 stars",1366x768,LCD,LCD,Notebook,Intel UHD Graphics,Integrated,,SSD,Solid State,128 GB,Yes,Microphone,AC Charger,,Chiclet,QWERTY,HP,Integrated,,HP 15 Laptop,,1366 x 768,,,5,Windows 11,,,Intel,2,Pentium,3.68 GHz,8 GB,,DDR4,DDR4 SDRAM,8 GB,1366x768,Glossy,15 Inches,,,,,1,,3,,HDMI,Intel,,Yes,6th Generation,802.11ac,"Bluetooth, Wi-Fi",,,,,,,,,,,,,,,,,,,,,,,209.99,,HP,Pentium,3.68 GHz,,Dale Red,,,,Integrated,Intel UHD Graphics,,,128 GB,,,,,,,,,Windows 11,,,,8 GB,,15 Inches,,,,,4.5 out of 5 stars,,,,,,,,,,,,,,,,,,,,,,,,,"HP 2024 Portable 15'' Micro-Edge IPS Laptop, Intel Pentium, 8GB DDR4, 128GB SSD, Windows 11 OS, Dale Red (Renewed)",N/A,https://www.amazon.com/HP-Portable-15-Micro-Edge-Laptop/dp/B0CYM7KC1H/ref=sr_1_845?dib=eyJ2IjoiMSJ9.F-FND5w55tWf9PZepYG1DBS1sK3clrh84gV1lg19FiUIDUQrn-h3mwv0A8HWpZjJgxkPvUtMToxHCY6cj8TjBvDc802VAZvogLWvatvv80LVmW6psKUHo9AWtUKlsFALNQLjbmcm3pjdz8T5qIDbqXDJLFQTazMPhuQjmYBfgL2T4T9UPVquu6qMN1b0IvS3IB69ZhSZ_5P1vq5Ap3dYJXh3rm1H5noWx5zmSEIg-u-3NHCbbZqPYCMtzpuIEvphN4Cq34MVfGjKRVUZI5uf4EivzKdjwFrIXD9nLC77im0.LmRfR65SeHNLpJlMOcQTj3ICtDKcNeBb6a7snwqf2KM&dib_tag=se&qid=1726998985&s=pc&sr=1-845
B07Z9RSJHN,1 Lithium Ion batteries required.,,"#35,916 in Electronics (See Top 100 in Electronics)  #64 in Renewed Home Entertainment  #713 in Traditional Laptop Computers","4.0  4.0 out of 5 stars    
    136 ratings   


 4.0 out of 5 stars","October 18, 2019",,,,,No,3.27 pounds,81MH0006US,Lenovo Topseller Notebooks,,,8.86 x 12.91 x 0.7 inches,,,,,,,,B07Z9RSJHN,,,,,,,,,"#35,916 in Electronics (See Top 100 in Electronics)  #64 in Renewed Home Entertainment  #713 in Traditional Laptop Computers",,,,,,,,,,,,"4.0  4.0 out of 5 stars    
    136 ratings   


 4.0 out of 5 stars",,,,,,,,,,,,,,,,,Lenovo Topseller Notebooks,,,,,,,,,,,,,,,,,,,,,,,,,,,,,,,,,,,,,,,,,,,,,,,,,,,,,,,,,,,,,69.00,,,,,,,,,,,,,,,,,,,,,,,,,,,,,,,,,,4.5 out of 5 stars,,,,,,,,,,,,,,,,,,,,,,,,,"Lenovo 14e Chromebook 14"" AMD A4-9120C 4GB Ram 32GB eMMC Chrome OS (Renewed)",N/A,https://www.amazon.com/Lenovo-14E-Chromebook-81MH0006US-14/dp/B07Z9RSJHN/ref=sr_1_870?dib=eyJ2IjoiMSJ9.ynqEFe57Mk2oDt2YLfN7eGpD2CVIEycXb6FBztkEqbE57LuMFGm70pTjb0wIzVnQLl__VDxDE5rmB4tyEkEWhAAOtKynAT7cwMm2Zgw97jTaLfoAALAGZFZcbbuPLz4MxH7YKHb9p4MxbzngWHJyc9Oc4Lz8YPk097km53AiAEp9hCCOrrpyypq4s4Ex-OV-qAdKUPyCVHH0EihZ1hpqjARrE9lwl8mylHtMOrIh-c45w3S_6MwpFt5VVYawYXfP8ZP92ZBqUCBhES20V8x88I_-iFljgwjuBBvbskB6HsA.zf_REvWqm6MLCpfxHcf5DBmL8l1NZL-N1buXe9DC8b8&dib_tag=se&qid=1726998993&s=pc&sr=1-870
,,,,,,,,,,,,,,,,,,,,,,,,B0CPN4WL82,Backlit Keyboard,Speakers,,,Adobe,22 Hours,,Lithium Ion,"#53,759 in Electronics (See Top 100 in Electronics)  #1,199 in Traditional Laptop Computers",,,Apple,,Apple M3 Pro 12C CPU - 18C GPU Chip,,,,Space Black,"USB, Ethernet",,"5.0  5.0 out of 5 stars    
    1 rating   


 5.0 out of 5 stars",3456 x 2234 Pixels,,LED,,Apple M3 Pro 12C CPU - 18C GPU,Integrated,SDRAM,SSD,Solid State,1 TB,,Keyboard,,"14.01""L x 9.77""W x 0.66""Th",US,,Apple,,MacBook Pro,Z1AF0019Y,2023,2048x1536,,,,Mac OS,No Optical Drive,,Apple,12,Others,63 GHz,36 GB,,DDR4,DDR SDRAM,36 GB,,,16 Inches,,,"Personal, Business",,1,,3,810141660984,,Apple,,,,,Wi-Fi,,,,,,,,,,,,,,,,,,,,,,,3099.00,,Apple,Others,,,Space Black,,,,Integrated,,,,1 TB,,,,,,,,MacBook Pro,Mac OS,,,,36 GB,,16 Inches,Backlit Keyboard,,,,3.4 out of 5 stars,,,,,,,,,,,,,,,,,,,,,,,,,"Apple MacBook Pro 16.2"" with Liquid Retina XDR Display, M3 Pro Chip with 12-Core CPU and 18-Core GPU, 36GB Memory, 1TB SSD, Space Black, Late 2023",N/A,https://www.amazon.com/Apple-MacBook-Display-12-Core-18-Core/dp/B0CPN4WL82/ref=sr_1_891?dib=eyJ2IjoiMSJ9.ynqEFe57Mk2oDt2YLfN7eGpD2CVIEycXb6FBztkEqbE57LuMFGm70pTjb0wIzVnQLl__VDxDE5rmB4tyEkEWhAAOtKynAT7cwMm2Zgw97jTaLfoAALAGZFZcbbuPLz4MxH7YKHb9p4MxbzngWHJyc9Oc4Lz8YPk097km53AiAEp9hCCOrrpyypq4s4Ex-OV-qAdKUPyCVHH0EihZ1hpqjARrE9lwl8mylHtMOrIh-c45w3S_6MwpFt5VVYawYXfP8ZP92ZBqUCBhES20V8x88I_-iFljgwjuBBvbskB6HsA.zf_REvWqm6MLCpfxHcf5DBmL8l1NZL-N1buXe9DC8b8&dib_tag=se&qid=1726998993&s=pc&sr=1-891
,,,,,,,,,,,,,,,,,,,,,,,,B0BYLCQ691,,,,Speaker equipped,,,,,"#6,356 in Computers & Accessories (See Top 100 in Computers & Accessories)  #197 in Renewed Laptops  #661 in Renewed Computers & Accessories  #770 in Traditional Laptop Computers",,,Dell,,,,,,,"USB, Ethernet, HDMI",,"4.7  4.7 out of 5 stars    
    9 ratings   


 4.7 out of 5 stars",1920 x 1080 pixels,,,Notebook,,,,,,512 GB,,Touchscreen,"Laptop, AC Adapter, Functional Battery",,Chiclet,,Dell,,,Latitude 5500,,1920 x 1080 pixels,,,,Windows 11 Pro,,AC adapter,,,,1.6 GHz,16 GB,,DDR4,DDR4 SDRAM,,1080p,,15 Inches,,Built-in speakers for typical notebook usage,,,,,,825633579057,HDMI,Intel,,,802.11ax (Wi-Fi 6),,,,,,,,,,,,,,,,,,,,,,,,,270.65,,Dell,,1.6 GHz,,,"USB, Ethernet, HDMI",,,,,Intel,,512 GB,,,3.88 Pounds,,,,,,Windows 11 Pro,,,,16 GB,1080p,15 Inches,,,,,4.6 out of 5 stars,,,,,,,,,,,,,,,,,,,,,,,,,"Dell Latitude 5500 15.6"""" FHD, Core i5-8365U 1.6GHz, 16GB RAM, 512GB Solid State Drive, Windows 11 Pro 64Bit, CAM, Black (Renewed)",N/A,https://www.amazon.com/Latitude-5500-i5-8365U-Windows-Renewed/dp/B0BYLCQ691/ref=sr_1_901?dib=eyJ2IjoiMSJ9.XYtyTdBUo0ZvjAsB93yJn-UCwhEkPHep_7mWDxWris82aDpByi4HK2DHtj6iPSGUObSpF9MdSVrgkQC0-ikKx7Fc355iNknxTxFTGjnF3P9wcK7XcYXZkcaeHTvzwaASchwqoBHM_yFePbwWzFZJTaSST4xuXdAFdqNhskT9YdQO2TPB14o7_YUqA9hBPTwYzpXPRqN8MTmyhU6mhCjPuSfx3ScNMh1tt6ETOrbuzpsPkfzg4Q2EWEAPt8GUA5nmnUd1Of2hqYkemHB_6UVI7IZd33aBwnVcRSI29ZOxmCk.kubK9Efbzk2yewDiyl9nMoa84v3Rw1pgA55tJTE8NPM&dib_tag=se&qid=1726998998&s=pc&sr=1-901
,,,,,,,,,,,,,,,,,,,,,,,,B0DCC9ZQ48,Memory Card Slot,internal,,,,,,Lithium Ion,"#19,382 in Computers & Accessories (See Top 100 in Computers & Accessories)  #3,049 in Traditional Laptop Computers",5.0,Yes,Naclud,7,Celeron,,,,Black,Wi-Fi,,"3.0  3.0 out of 5 stars    
    5 ratings   


 3.0 out of 5 stars",1366 x 768 Pixels,LCD,LCD,Netbook,Integrated,Integrated,,SSD,USB 3.0,256 GB,Yes,,,"15.6""L x 9""W x 0.6""Th",Chiclet,QWERTY,Naclud,Integrated,Naclud-M15PRO,Naclud-M15PRO,,1366 x 768 pixels,,,5,,,Rechargeable Lithium-ion Battery,Intel,4,Celeron,2.6 GHz,8 GB,1,DDR4,DDR4 SDRAM,8 GB,1366 x 768 pixels,,15.6 Inches,,,,,,,2,721545646989,Mini HDMI,Intel,,Yes,,Bluetooth,"Bluetooth, Wi-Fi",,,,,,,,,,,,,,,,,,,,,,,209.99,,Naclud,Celeron,,,Black,,,,Integrated,Integrated,,,256 GB,,,,,,,,Naclud-M15PRO,,,,,8 GB,,15.6 Inches,Memory Card Slot,,,,3.0 out of 5 stars,,,,,,,,,,,,,,,,,,,,,,,,,"15.6 Inch Laptop 8GB DDR4 256GB SSD, Laptops with Celeron Quad-Core Processor(Up to 2.6GHz), 7200mAh, 2.4/5.0G WiFi, Bluetooth 5.0, Webcam, Mini HDMI, USB 3.0",N/A,https://www.amazon.com/Naclud-Laptops-Quad-Core-Processor-Bluetooth/dp/B0DCC9ZQ48/ref=sr_1_912?dib=eyJ2IjoiMSJ9.XYtyTdBUo0ZvjAsB93yJn-UCwhEkPHep_7mWDxWris82aDpByi4HK2DHtj6iPSGUObSpF9MdSVrgkQC0-ikKx7Fc355iNknxTxFTGjnF3P9wcK7XcYXZkcaeHTvzwaASchwqoBHM_yFePbwWzFZJTaSST4xuXdAFdqNhskT9YdQO2TPB14o7_YUqA9hBPTwYzpXPRqN8MTmyhU6mhCjPuSfx3ScNMh1tt6ETOrbuzpsPkfzg4Q2EWEAPt8GUA5nmnUd1Of2hqYkemHB_6UVI7IZd33aBwnVcRSI29ZOxmCk.kubK9Efbzk2yewDiyl9nMoa84v3Rw1pgA55tJTE8NPM&dib_tag=se&qid=1726998998&s=pc&sr=1-912
,,,,,,,,,,,,,,,,,,,,,,,,B0CCT23SW1,,Speakers,,,,,,Lithium Ion,"#95,152 in Electronics (See Top 100 in Electronics)  #155 in 2 in 1 Laptop Computers",,,acer,,,,,MediaTek Kompanio 500 MT8183C,Silver,"Wi-Fi, USB",Touch,"4.4  4.4 out of 5 stars    
    34 ratings   


 4.4 out of 5 stars",1366 x 768 pixels,LED,LED,Laptop,MediaTek,Integrated,,Emmc,,64 GB,,Touchscreen,Charger,,,,Acer,Boundary,,CP311-3H-K5WQ,,1366 x 768 pixels,,,,Windows 10 Home,,,Intel,,MediaTek MT8183,,4 GB,,LPDDR4X,DDR4 SDRAM,,,Glossy,11.6 Inches,,,,,,,1,195133186964,HDMI,,,,,,Wi-Fi,,,,,,,,,,,,,,,,,,,,,,,219.97,,acer,MediaTek MT8183,,,Silver,,,,Integrated,MediaTek,,Emmc,64 GB,,,,,,,,,Windows 10 Home,,,,4 GB,,11.6 Inches,,,,,4.5 out of 5 stars,,,,,,,,,,,,,,,,,,,,,,,,,"acer - Chromebook Spin 311| 11.6"" 2-in-1 Touch Screen Laptop|MediaTek Kompanio 500 MT8183C|4GB LPDDR4X|64GB eMMC (Pure Silver) (CP311-3H-K5WQ)",N/A,https://www.amazon.com/Acer-Chromebook-2-1-CP311-3H-K5WQ/dp/B0CCT23SW1/ref=sr_1_945?dib=eyJ2IjoiMSJ9.YCwwXtLR8m4TVQGx6LvqzjBQK4LBKLSYfVK2ftCXKJbf_tMoCGY6ub3EdJGNvXctrl5_ghXkEBI7XJCzhazYDAC6LQOY3sDM6rKsOhPtTp6JUbRNyo1VyewQseogx8808XzS8EEU0UB4ky4DAA0tn2MC8_xN8HijPpxIeeTQSWDlR3cJVWRkP_UUDjKLcy7FHDLPrTWDtikHq0FA2OHYbatc_4xDnyzS_2Oe5qRtbiYijqXhXi-bi9M61ExdRfFGfzPMXh6e56q0OXE50-NK_sCOKu9T4aZcosqn-owAPcE.0hvj3JezU0ubmtP4I2b_SXqlkwlSenNDU3Y5y9UK8dM&dib_tag=se&qid=1726999007&s=pc&sr=1-945
,,,,,,,,,,,,,,,,,,,,,,,,B0C8NLB7QK,"Webcam, Backlit Keyboard",Headphones,,[Basic audio components],Windows 10 Pro,,,,"#4,799 in Computers & Accessories (See Top 100 in Computers & Accessories)  #155 in Renewed Laptops  #499 in Renewed Computers & Accessories  #570 in Traditional Laptop Computers",5.0,Yes,Lenovo,10,,4.9 GHz,Built-in webcam with microphone,,Black,"Bluetooth, Wi-Fi, USB, Ethernet",Touch,"4.7  4.7 out of 5 stars    
    7 ratings   


 4.7 out of 5 stars",,,,Laptop,Intel UHD Graphics,Integrated,,SSD,,512 GB,Yes,Keyboard,"Laptop, AC adapter",,Backlit,QWERTY,Lenovo,Boundary,,ThinkPad T14s Gen 1,2020,1280 x 800 pixels,,,,Windows 10 Pro,,AC adapter,,4,Core i7-10610U,1.8 GHz,16 GB,,DDR4,DDR4 SDRAM,,1080p,smooth,14 Inches,,,Business,,1,1,,782003358684,HDMI,,,Yes,,,"Bluetooth, Wi-Fi",,,,,,,,,,,,,,,,,,,,,,,336.99,,Lenovo,Core i7-10610U,,,Black,,,,Integrated,Intel UHD Graphics,,,512 GB,,,,,,,,,Windows 10 Pro,,,,16 GB,,14 Inches,"Webcam, Backlit Keyboard",,,,4.5 out of 5 stars,,,,,,,,,,,,,,,,,,,,,,,,,"Lenovo Thinkpad T14 (Gen 1) Business Laptop, 14"""" FHD(1920x1080), Intel Core i7-10610U 1.7Ghz, 16GB DDR4, 512GB NVMe SSD, Thunderbolt 3, HDMI, Webcam, Windows 10 Pro, Black (Renewed)",N/A,https://www.amazon.com/Lenovo-Gen-1920x1080-i7-10610U-Thunderbolt/dp/B0C8NLB7QK/ref=sr_1_966?dib=eyJ2IjoiMSJ9.YCwwXtLR8m4TVQGx6LvqzjBQK4LBKLSYfVK2ftCXKJbf_tMoCGY6ub3EdJGNvXctrl5_ghXkEBI7XJCzhazYDAC6LQOY3sDM6rKsOhPtTp6JUbRNyo1VyewQseogx8808XzS8EEU0UB4ky4DAA0tn2MC8_xN8HijPpxIeeTQSWDlR3cJVWRkP_UUDjKLcy7FHDLPrTWDtikHq0FA2OHYbatc_4xDnyzS_2Oe5qRtbiYijqXhXi-bi9M61ExdRfFGfzPMXh6e56q0OXE50-NK_sCOKu9T4aZcosqn-owAPcE.0hvj3JezU0ubmtP4I2b_SXqlkwlSenNDU3Y5y9UK8dM&dib_tag=se&qid=1726999007&s=pc&sr=1-966
,,,,,,,,,,,,,,,,,,,,,,,,B0C7YTRXV6,,,,,,,,,"#13,012 in Amazon Renewed (See Top 100 in Amazon Renewed)  #1,486 in Renewed Laptops  #4,355 in Renewed Computers & Accessories  #6,570 in Traditional Laptop Computers",,,Apple,,Core i5-10500,,,,Silver,"Wi-Fi, USB",Touch,"3.0  3.0 out of 5 stars    
    1 rating   


 3.0 out of 5 stars",2560 x 1600 pixels,,,,Intel Iris Plus Graphics 645,Integrated,DDR3 SDRAM,SSD,Solid State,256 GB,,"Mouse, Keyboard",Charger,,,QWERTY,Apple,,MacBook Pro,MXK62LL/A,2020,2560 x 1600 pixels,,,,Mac OS,,,Intel,4,Intel Core i5,1.4 GHz,16 GB,,LPDDR3,DDR3 SDRAM,16 GB,1080p,,13.3 Inches,,,Business,,,,3,683723945409,,Intel,,,,,Bluetooth,,,,,,,,,,,,,,,,,,,,,,,449.00,,Apple,Intel Core i5,,,Silver,,,,Integrated,Intel Iris Plus Graphics 645,,,256 GB,,,,,,,,MacBook Pro,Mac OS,,,,16 GB,,13.3 Inches,,,,,3.0 out of 5 stars,,,,,,,,,,,,,,,,,,,,,,,,,"2020 Apple MacBook Pro with 1.4 GHz Intel Core i5 (13-inch, 16GB RAM, 256 GB SSD) (QWERTY English) Silver (Renewed)",N/A,https://www.amazon.com/Apple-MacBook-13-inch-English-Renewed/dp/B0C7YTRXV6/ref=sr_1_1057?dib=eyJ2IjoiMSJ9.OMsugeVjww8d3gz-j2o-PrO9wM9tQQ1XpDLOzwQTYPekFe-mFjB6k2FNaI1JceQtiRSQuosjpzF5JOV9V-cZJtIwrzrKuByzle5VW7cFLCpSww8H8EQG-hTU7z_0eteKkIfOLxVYu8sO3w8iygqxmZopHpvK9n48a4i2DJYr5LXQNIwu3xylgwKrq25evln6le7-RjRv71fJ5Nvucur7anb-Jm8bFBOytnmWR2pj8_8ok3XxWJ8C25b1hV2JW0BHOALPczBa4mcv5Pqbq9_JDQesipSYSx8GN1Oiniea5Vs.nWZGkrHn-PlSSXT__hpTOokJhFiy-g3Y-oMb1g0_8DA&dib_tag=se&qid=1726999024&s=pc&sr=1-1057
B0CMRPC688,,,"#166,848 in Electronics (See Top 100 in Electronics)  #400 in Renewed Home Entertainment  #5,427 in Traditional Laptop Computers","4.0  4.0 out of 5 stars    
    17 ratings   


 4.0 out of 5 stars","November 6, 2023",,,,,,4.08 pounds,,Lenovo,,,9.18 x 14.04 x 0.7 inches,,,,,,,,B0CMRPC688,,,,,,,,,"#166,848 in Electronics (See Top 100 in Electronics)  #400 in Renewed Home Entertainment  #5,427 in Traditional Laptop Computers",,,,,,,,,,,,"4.0  4.0 out of 5 stars    
    17 ratings   


 4.0 out of 5 stars",,,,,,,,,,,,,,,,,Lenovo,,,,,,,,,,,,,,,,,,,,,,,,,,,,,,,,,,,,,,,,,,,,,,,,,,,,,,,,,,,,,419.99,,,,,,,,,,,,,,,,,,,,,,,,,,,,,,,,,,4.5 out of 5 stars,,,,,,,,,,,,,,,,,,,,,,,,,"Lenovo Ideapad 5 | 15.6"" FHD IPS Laptop | AMD Ryzen 7 5825U | 16GB DDR4 RAM | 512GB NVMe M.2 SSD | Backlit Keyboard | Numeric Keypad | Wi-Fi 6 + Bluetooth | Abyss Blue | Windows 11 Home (Renewed)",N/A,https://www.amazon.com/Lenovo-Ideapad-Backlit-Keyboard-Bluetooth/dp/B0CMRPC688/ref=sr_1_1085?dib=eyJ2IjoiMSJ9.lje3SandHDtP26lgKJ2AKYzrWqU9zvHfAoJUxzQ7hzm2DyVHrLsq2W9X9oKQQG_NzbSYLon_dIKIVyJqHcfjMlb3I2llSpjAPU-ZDrUl6qIYyGzrNDG8a_lJYo14zbmen2sudmagfmTVUOJC03t7BDtUb63I-F2PahXvlqMv71i_oK7paaf5t3Fzz0iTsF92EslL1fb0Bu4VCTLO1KJgzyeZAQ7x5y7gxFhFirEaBhnqiDnQ7xOU9utBL4424O1AQSJioV-AY0dFdJWbmrr4Z1EiTZp6XRrVUMpC0KqWxds.lhjceJfVyitgonDVBEB5hH6jWDMt9R3KYarYfDKLMVw&dib_tag=se&qid=1726999035&s=pc&sr=1-1085
,,,,,,,,,,,,,,,,,,,,,,,,B0DFPTPRFJ,,,,,,,,Lithium Ion,"#11,736 in Computers & Accessories (See Top 100 in Computers & Accessories)  #1,632 in Traditional Laptop Computers",,,SAINTDISE,,N5095,,,,16GB RAM 512GB SSD N5095 Laptop,"Bluetooth, Wi-Fi, USB, HDMI",Touch,"4.6  4.6 out of 5 stars    
    10 ratings   


 4.6 out of 5 stars",1920 x 1080 pixels,,LED,,Intel UHD Graphics,Integrated,DDR4 SDRAM,SSD,,512 GB,,"Keyboard, Touch Pad","Laptop, User manuel, USB 3.0 Hub, Mouse, Power supply","13.98""L x 0.79""W x 8.86""Th",,,SAINTDISE,,ANL5-N5095,,2024,,,,,DOS,,,Intel,1,Celeron,2 GHz,16 GB,,LPDDR4,,16 GB,,,15.6,,,"Student, Gaming, Business",,,,3,,,UHD Graphics,,,,Bluetooth,"Bluetooth, Wi-Fi",,,,,,,,,,,,,,,,,,,,,,,236.99,,SAINTDISE,Celeron,,,16GB RAM 512GB SSD N5095 Laptop,,,,Integrated,Intel UHD Graphics,,,512 GB,,,,,,,,ANL5-N5095,DOS,,,,16 GB,,15.6,,,,,4.5 out of 5 stars,,,,,,,,,,,,,,,,,,,,,,,,,"15.6 inch Laptop Computer,16GB RAM LPDDR4 512GB SDD Portable Laptop Computer Cerelon N5095 Processor FHD 1920 * 1080 Laptop PC with Touch ID, WiFi5, BT4.2, USB 3.0",N/A,https://www.amazon.com/SAINTDISE-15-6-Laptop-Computer-Quad-Core/dp/B0D9YVZQ5R/ref=sr_1_1109?dib=eyJ2IjoiMSJ9.v6pgsYKjfXw3nwJfSRBB3lerpQtzuRGtpYMFV0uNZTl9VzK6sFe87It_F10lEUf1YQvUr7Eaif1cmgz1M0uMOOQVmxjM58tNyWnG6CW6VstDRJyeDUwUj-O912umddLICdWNLiheNEpYpVmy_zC91rWwR73uKXdn54YTdBC7iN8E8xmR0tgHz6p299dIncl6sAX4KQpl7QLw7Rky4Y1kwwKVbV4z_f6t7WPY3uvZICqd-EadUVET2zaRg7pAtKaou9p1B1YhuN7UJe9GFALFi4os_C0-epEr8O-payc2msQ.a_znp6OShqfQ6eKA__vpiQ_7g3hxPDqIlu2sqlW8qo4&dib_tag=se&qid=1726999037&s=pc&sr=1-1109
,,,,,,,,,,,,,,,,,,,,,,,,B0CSFNX3KM,Backlit Keyboard,Headphones,,,Windows 10 Pro,,,Lithium Ion,"#11,849 in Computers & Accessories (See Top 100 in Computers & Accessories)  #408 in Renewed Laptops  #1,315 in Renewed Computers & Accessories  #1,646 in Traditional Laptop Computers",,,HP,4,,4 GHz,,,,"Wi-Fi, USB",,"3.7  3.7 out of 5 stars    
    30 ratings   


 3.7 out of 5 stars",,LCD,,Notebook,,,,SSD,NVMe,,Yes,Keyboard,"1 x HP EliteBook 845 G7 Laptop (Renewed), 1 x ac adapter",,Multimedia,QWERTY,HP EliteBook 845 G7,,,,,1920 x 1080 pixels,,,,Windows 10 Pro,,AC adapter,,6,,,,,DDR4,,,1080p,matte with anti-glare finish,14 Inches,,,Business,,1,,4,683370989481,HDMI,,,,Wi-Fi 6,,Wi-Fi,,,,,,,,,,,,,,,,,,,,,,,209.99,,HP,,,,,"Wi-Fi, USB",,,,,,SSD,,,,1.8 Kilograms,,,,,,Windows 10 Pro,6,,,,1080p,14 Inches,Backlit Keyboard,,4,,4.5 out of 5 stars,,,,,,,,,,,,,,,,,,,,,,,,,"HP EliteBook 845 G7 Business Laptop, 14"" FHD(1920x1080), AMD Ryzen 5Pro 4650 2.1GHz Up to 4.0GHz, 16GB RAM, 256GB SSD, Backlit Keyboard, CAM, Windows 10 Pro (Renewed)",N/A,https://www.amazon.com/HP-EliteBook-Business-1920x1080-Keyboard/dp/B0CSFNX3KM/ref=sr_1_1130?dib=eyJ2IjoiMSJ9.v6pgsYKjfXw3nwJfSRBB3lerpQtzuRGtpYMFV0uNZTl9VzK6sFe87It_F10lEUf1YQvUr7Eaif1cmgz1M0uMOOQVmxjM58tNyWnG6CW6VstDRJyeDUwUj-O912umddLICdWNLiheNEpYpVmy_zC91rWwR73uKXdn54YTdBC7iN8E8xmR0tgHz6p299dIncl6sAX4KQpl7QLw7Rky4Y1kwwKVbV4z_f6t7WPY3uvZICqd-EadUVET2zaRg7pAtKaou9p1B1YhuN7UJe9GFALFi4os_C0-epEr8O-payc2msQ.a_znp6OShqfQ6eKA__vpiQ_7g3hxPDqIlu2sqlW8qo4&dib_tag=se&qid=1726999037&s=pc&sr=1-1130
,,,,,,,,,,,,,,,,,,,,,,,,B0CVF48Z9D,Touch,Headphones/Microphone Combo Jack,No,,Windows 11 Home-64,,,Lithium Ion,"#66,904 in Electronics (See Top 100 in Electronics)  #1,629 in Traditional Laptop Computers",5.3,Yes,ASUS,4,,,,,White,USB,Touch,"4.5  4.5 out of 5 stars    
    15 ratings   


 4.5 out of 5 stars",1920 x 1080 Pixels,LCD or LED,LCD,Detachable,AMD Radeon Graphics,Integrated,,SSD,Solid State,512 GB,Yes,Microphone,Authorized Dockztorm Portable USB Hub,"11""L x 4.5""W x 1.5""Th",Laptop Keyboard,QWERTY,ASUS,,ROG Ally,ROG Ally,,1920x1080,,,2,Windows 11 Home,No Optical Drive,AC adapter,AMD,8,AMD R Series,3.3 GHz,16 GB,1,Onboard ONLY,SDRAM,16 GB,1080p,likely smooth and glossy,7 Inches,,,Gaming,,,,1,198361999931,DisplayPort,AMD,,No,,802.11ax,Wi-Fi 6E MT7922,,,,,,,,,,,,,,,,,,,,,,,689.69,,ASUS,AMD R Series,,,White,,,,Integrated,,,,512 GB,,,,,,,,ROG Ally,Windows 11 Home,,,,16 GB,,7 Inches,Touch,,,,4.4 out of 5 stars,,,,,,,,,,,,,,,,,,,,,,,,,ASUS ROG Ally RC71L-ALLY.Z1X_512 White Laptop/Ryzen Z1 Extreme/16GB/512GB PCIe SSD/7 IPS Touch Full HD (1920x1080)/AMD Radeon/Windows 11 Home,$759.99,https://www.amazon.com/RC71L-ALLY-Z1X_512-Laptop-Extreme-1920x1080-Windows-PC/dp/B0CVF48Z9D/ref=sr_1_1148?dib=eyJ2IjoiMSJ9.5zCkxRuDrhFCdxFE4HY2mF9it1FriEdyNrvUrF9rR1VL0zNJ1TRgl9pBxAgnaBACnb--fCwO4NYZ6DK7t2VyhE03L1eAXnfv-w0IH7HhPTHWSaEK94QDKTUIuKd1kmM6fLVl5w0iBb-_gz65JreKj46dsxuDEfX35iE40zIeMagF6pKo_9PkVtBiW_0vGpD_-o2GREOt4dUrQVg_1uuZ2afsRxUeFTHobCB4WNopicFYf2laaYXBFsRsbMLEtWqj4oRO83lmNYmAuqElywQF6oqO2gu8ga2AjmFiJjBlooo.SYxGIH66AvmIKuPoi0GILv1N2Fj5-YS8O_sReM9lUwI&dib_tag=se&qid=1726999043&s=pc&sr=1-1148
,,,,,,,,,,,,,,,,,,,,,,,,B0DFPTPRFJ,,,,,,,,Lithium Ion,"#11,736 in Computers & Accessories (See Top 100 in Computers & Accessories)  #1,632 in Traditional Laptop Computers",,,SAINTDISE,,N5095,,,,16GB RAM 512GB SSD N5095 Laptop,"Bluetooth, Wi-Fi, USB, HDMI",Touch,"4.6  4.6 out of 5 stars    
    10 ratings   


 4.6 out of 5 stars",1920 x 1080 pixels,,LED,,Intel UHD Graphics,Integrated,DDR4 SDRAM,SSD,,512 GB,,"Keyboard, Touch Pad","Laptop, User manuel, USB 3.0 Hub, Mouse, Power supply","13.98""L x 0.79""W x 8.86""Th",,,SAINTDISE,,ANL5-N5095,,2024,,,,,DOS,,,Intel,1,Celeron,2 GHz,16 GB,,LPDDR4,,16 GB,,,15.6,,,"Student, Gaming, Business",,,,3,,,UHD Graphics,,,,Bluetooth,"Bluetooth, Wi-Fi",,,,,,,,,,,,,,,,,,,,,,,236.99,,SAINTDISE,Celeron,,,16GB RAM 512GB SSD N5095 Laptop,,,,Integrated,Intel UHD Graphics,,,512 GB,,,,,,,,ANL5-N5095,DOS,,,,16 GB,,15.6,,,,,4.5 out of 5 stars,,,,,,,,,,,,,,,,,,,,,,,,,"15.6 inch Laptop Computer,16GB RAM LPDDR4 512GB SDD Portable Laptop Computer Cerelon N5095 Processor FHD 1920 * 1080 Laptop PC with Touch ID, WiFi5, BT4.2, USB 3.0",N/A,https://www.amazon.com/SAINTDISE-15-6-Laptop-Computer-Quad-Core/dp/B0D9YVZQ5R/ref=sr_1_1187?dib=eyJ2IjoiMSJ9.hIh6Yp-Ob9JmJYOQ5xvNsAMkMjlj5J7EtAQc3h7EFPywp4iOzPWs4xJJ_nbrSxxkAlaScDSAPb9LsffEe2qTqgeZQzECAKeZVS1npIEiqiLLBEPNVlVFLN5MOJPM2DKr4YlHURS6N6-Rjy9_cBclQsGz8KFuqsSmKbojC-qOR5QEeniVj-qBS4RjujQA1VPdNIyobdT3WSaYC4PnZkxU2iIRGx6GuLwebs3BYsOAIQwHZ0Wf-jA43fBNfhxheSjICa-M50GFJHstJmYeWO6dEx_EAIOgUbTG4m7scKjc4Fg.JEP83NCyj7njJ0qxIchvmq2mYdMuZqr7npCacaLWBNg&dib_tag=se&qid=1726999051&s=pc&sr=1-1187
,,,,,,,,,,,,,,,,,,,,,,,,B0DBMYHQ4S,Fingerprint Reader,,,,,,,,"#19,519 in Computers & Accessories (See Top 100 in Computers & Accessories)  #707 in Renewed Laptops  #2,225 in Renewed Computers & Accessories  #3,071 in Traditional Laptop Computers",,,HP,,,,,,Silver,"USB, Ethernet",,"5.0  5.0 out of 5 stars    
    2 ratings   


 5.0 out of 5 stars",1920 x 1080 MP,,,,Intel UHD Graphics 620,Integrated,,SSD,Solid State,512 GB,,,,"9.22""L x 12.84""W x 0.71""Th",Multimedia,,HP,,HP,Elitebook 840 G6,,,,,,Windows 11 Pro,,,Intel,4,Intel Core i7,1.9 GHz,32 GB,,,DDR4 SDRAM,,,,14 Inches,,,,,,,,697560213515,,Intel,,,,,,,,,,,,,,,,,,,,,,,,,,,,319.90,,HP,Intel Core i7,,,Silver,,,,Integrated,,,,512 GB,,,,,,,,HP,Windows 11 Pro,,,,32 GB,,14 Inches,Fingerprint Reader,,,,4.5 out of 5 stars,,,,,,,,,,,,,,,,,,,,,,,,,"HP EliteBook 840 G6 Laptop, Intel Core i7-8665U, 32GB RAM, 512GB SSD, Fingerprint Reader, Windows 11 Pro (Renewed)",N/A,https://www.amazon.com/HP-EliteBook-840-G6-Fingerprint/dp/B0DBMYHQ4S/ref=sr_1_1190?dib=eyJ2IjoiMSJ9.hIh6Yp-Ob9JmJYOQ5xvNsAMkMjlj5J7EtAQc3h7EFPywp4iOzPWs4xJJ_nbrSxxkAlaScDSAPb9LsffEe2qTqgeZQzECAKeZVS1npIEiqiLLBEPNVlVFLN5MOJPM2DKr4YlHURS6N6-Rjy9_cBclQsGz8KFuqsSmKbojC-qOR5QEeniVj-qBS4RjujQA1VPdNIyobdT3WSaYC4PnZkxU2iIRGx6GuLwebs3BYsOAIQwHZ0Wf-jA43fBNfhxheSjICa-M50GFJHstJmYeWO6dEx_EAIOgUbTG4m7scKjc4Fg.JEP83NCyj7njJ0qxIchvmq2mYdMuZqr7npCacaLWBNg&dib_tag=se&qid=1726999051&s=pc&sr=1-1190
,,,,,,,,,,,,,,,,,,,,,,,,B0B3C8XMXM,Backlit Keyboard,"Headphones, Speakers",,,"Photos, Garageband, MacOS, iMovie, Pages, Numbers, Keynote",20 Hours,,Lithium Ion,,,,Apple,,Apple M2,,"Video, Front",,Silver,"Bluetooth, USB",Touch,,2560x1600 Pixels,LED,LED,Laptop,Apple M2,Integrated,Shared,SSD,Solid State,512 GB,,Keyboard,"67W USB-C Power Adapter, 13-inch MacBook Pro, USB-C Charge Cable (2m)","11.97""L x 8.36""W x 0.61""Th",Traditional,QWERTY,Apple,Built-in,MacBook Pro,MNEQ3LL/A,2022,2560 x 1600 pixels,,,2,Mac OS,,,Apple,8,Unknown,3.2 GHz,8 GB,,LPDDR4X,DDR4 SDRAM,24 GB,Retina,,13.3 Inches,,Built-in Stereo Speakers,"Multimedia, Personal, Business",,,,2,194253139232,,Apple,,Yes,,"Bluetooth, 802.11a/b/g/n/ac, 802.11ax","Bluetooth, Wi-Fi",,,,,,,,,,,,,,,,,,,,,,,1325.71,,Apple,Unknown,,,Silver,,,,Integrated,,,,512 GB,,,,,,,,MacBook Pro,Mac OS,,,,8 GB,,13.3 Inches,Backlit Keyboard,,,,4.7 out of 5 stars,,,,,,,,,,,,,,,,,,,,,,,,,"2022 Apple MacBook Pro Laptop with M2 chip: 13-inch Retina Display, 8GB RAM, 512GB ​​​​​​​SSD ​​​​​​​Storage, Touch Bar, Backlit Keyboard, FaceTime HD Camera. Works with iPhone and iPad; Silver",N/A,https://www.amazon.com/2022-Apple-MacBook-Laptop-chip/dp/B0B3C76P69/ref=sr_1_1198?dib=eyJ2IjoiMSJ9.hIh6Yp-Ob9JmJYOQ5xvNsAMkMjlj5J7EtAQc3h7EFPywp4iOzPWs4xJJ_nbrSxxkAlaScDSAPb9LsffEe2qTqgeZQzECAKeZVS1npIEiqiLLBEPNVlVFLN5MOJPM2DKr4YlHURS6N6-Rjy9_cBclQsGz8KFuqsSmKbojC-qOR5QEeniVj-qBS4RjujQA1VPdNIyobdT3WSaYC4PnZkxU2iIRGx6GuLwebs3BYsOAIQwHZ0Wf-jA43fBNfhxheSjICa-M50GFJHstJmYeWO6dEx_EAIOgUbTG4m7scKjc4Fg.JEP83NCyj7njJ0qxIchvmq2mYdMuZqr7npCacaLWBNg&dib_tag=se&qid=1726999051&s=pc&sr=1-1198
,,,,,,,,,,,,,,,,,,,,,,,,B0C11RW3B5,,Headphones,Yes,,Webcam,,,,"#21,797 in Computers & Accessories (See Top 100 in Computers & Accessories)  #801 in Renewed Laptops  #2,477 in Renewed Computers & Accessories  #3,461 in Traditional Laptop Computers",,Yes,HP,10th Generation,,,Integrated HP Webcam,Intel,,"Bluetooth, Wi-Fi, USB",Touch,"4.0  4.0 out of 5 stars    
    72 ratings   


 4.0 out of 5 stars",,LED,,Laptop,,,,,,64 GB,,Microphone,AC Charger,,Chiclet,QWERTY,HP,Integrated,,"HP 14"" Laptop",,1366 x 768 pixels,,,,,,AC adapter,,,Intel Celeron D,,8 GB,,,DDR4 SDRAM,,720p,Glossy,14 Inches,,,,1,,,3,753582685072,HDMI,Intel,,Yes,Wi-Fi 5,802.11ax,"Bluetooth, Wi-Fi",,,,,,,,,,,,,,,,,,,,,,,189.99,,HP,Intel Celeron D,,,,"Bluetooth, Wi-Fi, USB",,,,,Intel,,64 GB,Yes,,,,,,,,,,,,8 GB,720p,14 Inches,,,3,,4.4 out of 5 stars,,,,,,,,,,,,,,,,,,,,,,,,,"HP 2023 14"""" HD IPS Laptop, Intel Celeron Processor Up to 2.60GHz, 8GB RAM, 64GB SSD, Ultra-Fast WiFi, Webcam, Windows 11, Dale White/Silver (Renewed)",N/A,https://www.amazon.com/HP-14-Laptop-Processor-Ultra-Fast/dp/B0C11RW3B5/ref=sr_1_1231?dib=eyJ2IjoiMSJ9.q5cIbU7gOB_EJ3kiGDP-7GGnKfp0ARa41YvfpjDNXgsRBS8d5XuiBNpPIT4LdjzFC9l-fJeaTBeQQTJjc6TV9HndPUq7vw0ylo2jx18YKoKXzFCp9JsEDUUzlXPON2sl0wDfB_6ZYPv1vdBxOdYCCO4jMqJiwZ4x3wmj9ZwFwxuiem-s6XLVL4pFp_pJNAgO83XcYpkkl8vo5DwniHVAsNByo35USGgQymHBRhF8Ouur3uudzFv30REsmSDMJuZrJGEDlnoPekzVGpFTUDYGbV2PVNs9PaXJIjxO8sQD8Ec.O3WjTaAQoctGP0Xwykq9dVNOwm94_VlkN4Vui_lSos8&dib_tag=se&qid=1726999058&s=pc&sr=1-1231
,,,,,,,,,,,,,,,,,,,,,,,,B0D9QC75ZG,,,,The product features Dual Stereo Speakers.,Windows 11,,,Lithium Ion,"#43,547 in Computers & Accessories (See Top 100 in Computers & Accessories)  #7,715 in Traditional Laptop Computers",,,ACEMAGIC,,,,,,,,,"3.5  3.5 out of 5 stars    
    6 ratings   


 3.5 out of 5 stars",,,,,,,,,,,,,,,,,"Shenzhen CYX Industrial Co., Ltd.",,,AX15,,,,,,,,Integrated Battery,,,,,,,,SODIMM,,,,15.6 Inches,,,,,,,,632125589384,,,,,,,,,,,,,,,,,,,,,,,,,,,,,,359.98,Lithium Ion,ACEMAGIC,,,6 MB,,,,,,,,,,,,3.75 Pounds,38 Watt Hours,"Shenzhen CYX Industrial Co., Ltd.",,,,,,,SODIMM,,,15.6 Inches,,,,,3.5 out of 5 stars,,,,,,,,,,,,,,,,,,,,,,,,,ACEMAGIC Laptop Computer with Intel N95 Windows Laptop 16GB DDR4 512GB M.2 SSD Traditional Laptop Computers 15.6-inch IPS FHD Windows11 WIFI5 BT5.0 HDMI Type-C USB Home Laptops Office Laptops,N/A,https://www.amazon.com/ACEMAGIC-Traditional-Computers-15-6-inch-Windows11/dp/B0D9QC75ZG/ref=sr_1_1251?dib=eyJ2IjoiMSJ9.q5cIbU7gOB_EJ3kiGDP-7GGnKfp0ARa41YvfpjDNXgsRBS8d5XuiBNpPIT4LdjzFC9l-fJeaTBeQQTJjc6TV9HndPUq7vw0ylo2jx18YKoKXzFCp9JsEDUUzlXPON2sl0wDfB_6ZYPv1vdBxOdYCCO4jMqJiwZ4x3wmj9ZwFwxuiem-s6XLVL4pFp_pJNAgO83XcYpkkl8vo5DwniHVAsNByo35USGgQymHBRhF8Ouur3uudzFv30REsmSDMJuZrJGEDlnoPekzVGpFTUDYGbV2PVNs9PaXJIjxO8sQD8Ec.O3WjTaAQoctGP0Xwykq9dVNOwm94_VlkN4Vui_lSos8&dib_tag=se&qid=1726999058&s=pc&sr=1-1251
,,,,,,,,,,,,,,,,,,,,,,,,B0C7YTRXV6,,,,,,,,,"#13,012 in Amazon Renewed (See Top 100 in Amazon Renewed)  #1,486 in Renewed Laptops  #4,355 in Renewed Computers & Accessories  #6,570 in Traditional Laptop Computers",,,Apple,,Core i5-10500,,,,Silver,"Wi-Fi, USB",Touch,"3.0  3.0 out of 5 stars    
    1 rating   


 3.0 out of 5 stars",2560 x 1600 pixels,,,,Intel Iris Plus Graphics 645,Integrated,DDR3 SDRAM,SSD,Solid State,256 GB,,"Mouse, Keyboard",Charger,,,QWERTY,Apple,,MacBook Pro,MXK62LL/A,2020,2560 x 1600 pixels,,,,Mac OS,,,Intel,4,Intel Core i5,1.4 GHz,16 GB,,LPDDR3,DDR3 SDRAM,16 GB,1080p,,13.3 Inches,,,Business,,,,3,683723945409,,Intel,,,,,Bluetooth,,,,,,,,,,,,,,,,,,,,,,,449.00,,Apple,Intel Core i5,,,Silver,,,,Integrated,Intel Iris Plus Graphics 645,,,256 GB,,,,,,,,MacBook Pro,Mac OS,,,,16 GB,,13.3 Inches,,,,,3.0 out of 5 stars,,,,,,,,,,,,,,,,,,,,,,,,,"2020 Apple MacBook Pro with 1.4 GHz Intel Core i5 (13-inch, 16GB RAM, 256 GB SSD) (QWERTY English) Silver (Renewed)",N/A,https://www.amazon.com/Apple-MacBook-13-inch-English-Renewed/dp/B0C7YTRXV6/ref=sr_1_1272?dib=eyJ2IjoiMSJ9.1GLfV2XfrbZdYT4mJe3Q0KFedpvkHKK9TRdE0qU9i61trILdsJcM2RlpZ-90iZG3ALyIP3d3hX5r5ge6UItVPaRG4TBe_OCVVtg-ZIyPdSvGkXxlNCkwuQ_-HAVVyxP6tEpHlCiOndUkWRbZCaJBDfYtbPpbP4YyoHpMETcfqn1IhQ9lvt9mmQ7q8eesHljBcv1C2WoTWWckQ97rYTpVlTZLbEEQ5UzdWHiC1yAh6gYjzw_8SLDHzlwgznZtUf_B2XlUmX8jWYi9T6EvJp0y0HXakDZ3ksl9oGsHkl0zl00.Wrwg364E-98U4vTQKwT2G7qO8IKplLz1zFU8p8pqLQM&dib_tag=se&qid=1726999062&s=pc&sr=1-1272
,,,,,,,,,,,,,,,,,,,,,,,,,,,,,,,,,,,,,,,,,,,,,,,,,,,,,,,,,,,,,,,,,,,,,,,,,,,,,,,,,,,,,,,,,,,,,,,,,,,,,,,,,,,,,,,,,,,,,,,,,,,699.00,,Lenovo,Ryzen 7,,,Arctic Grey,,,,Integrated,,,,512 GB,,,,,,,,IdeaPad Flex 5,Windows 11,,,,16 GB,,16 Inches,Fingerprint Reader,,,,4.1 out of 5 stars,,,,,,,,,,,,,,,,,,,,,,,,,"Lenovo IdeaPad Flex 5, 16” WUXGA Display, AMD Ryzen 7, 16GB RAM, 512GB SSD, 1920x1200 px, Touchscreen, Windows 11, Arctic Grey",N/A,https://www.amazon.com/Lenovo-IdeaPad-Flex-Touchscreen-Fingerprint/dp/B0BSHV6JV1/ref=sr_1_1318?dib=eyJ2IjoiMSJ9.X0wjBgJN0vt5WNerue7rD2B9psUiqN5ZdLZl1AuEfHlhmHkoH5Cr63mTY1YVJhxfhYvnR_yCfm0gdZaT8yTAGA4J1_8xRpeJgQhjX32USVtEB3I5pgCZssH93u4x_DYvD5mkVwW3YggvBWry60XsMaR2AtL_ag3CA2XvcgI4TOU63UFDEoxsz8uoLKFt8ZnvusOszgXFrQiqe6S9cacMccN0DRSVDQ55Bf7IGHJCqaM6w7CdxAWhdqgX8nkROfB9eTpKbPNyzcFgvdjeUB1tg_vPKrCja36UbSwaVHCfxHc.bosiwb8h0lhFsOtNCNGXftnymfx1yvurSs1WpQx9gxs&dib_tag=se&qid=1726999072&s=pc&sr=1-1318
,,,,,,,,,,,,,,,,,,,,,,,,B07KQFS769,,Headphones,,,,,,,"#147,037 in Electronics (See Top 100 in Electronics)  #1,063 in Renewed Laptops  #3,202 in Renewed Computers & Accessories  #4,648 in Traditional Laptop Computers",,,Apple,,,,,,,"USB, Ethernet",,"3.6  3.6 out of 5 stars    
    14 ratings   


 3.6 out of 5 stars",,LED,LCD,Laptop,Intel HD Graphics 4000,Integrated,,HDD,,500 GB,,,,,,,Apple,,MacBook Pro,,,1280 x 800 pixels,,,,,,,Intel,,Core i5,,2 GB,,DDR3,,,,,13.3 Inches,,,,,,,,,,Intel,,,,,,,,,,,,,,,,,,,,,,,,,,,,178.00,,Apple,Core i5,,,,,,,Integrated,Intel HD Graphics 4000,,HDD,500 GB,,,8.1 Pounds,,,,,MacBook Pro,,,,,2 GB,,13.3 Inches,,,,,4.4 out of 5 stars,,,,,,,,,,,,,,,,,,,,,,,,,Apple MacBook Pro MD101LL/A 13.3-Inch Laptop Core i5 2GB RAM 500GB HDD (Renewed),N/A,https://www.amazon.com/Apple-MacBook-MD101LL-13-3-Inch-Refurbished/dp/B07KQFS769/ref=sr_1_1330?dib=eyJ2IjoiMSJ9.k94AIa9j9CpTsK00VRU2mzBjdKmT1GjFJzdhBNPGFnEmtrpyzWbHkIVM8qde_MFHiCW82vXNs9oCY8QlxGpIIrIcDGWH75aEDgTSCxr2XdNxJrzUlEMO4Lj53y594ZA_pPDca_970KpCvhMaq2YndYCKrAqVMJyTmwGm9Fwpxx3537O5sT0dGUWTVwQa4UWo5E9l3EtA5Ud_imB88hoAYQsCINiasxn2cBiqgR2vzKGIWb7Mjqg0D2BOOgAf3ma8Yu3zvPlaANRomfyw576mlexkE6e29HtU7I8s-sqBr0I.VJOAKQAfPBdRpao8kM687TwVr3LGIZheqcr7d5C8ukY&dib_tag=se&qid=1726999076&s=pc&sr=1-1330
,,,,,,,,,,,,,,,,,,,,,,,,B0D8LJKCKF,,,,,,,,Lithium Ion,"#29,414 in Computers & Accessories (See Top 100 in Computers & Accessories)  #307 in 2 in 1 Laptop Computers",,,HP,,,,,,,,,"5.0  5.0 out of 5 stars    
    1 rating   


 5.0 out of 5 stars",,,LCD,,,Integrated,,SSD,,,,,,,,,HP,,Envy 2-in-1,,,,,,,,,,AMD,,,,,,LPDDR5,,,,,14 Inches,,,,,,,3,198122036516,,,,,,,,,,,,,,,,,,,,,,,,,,,,,,607.98,Lithium Ion,HP,,,,,,,,Integrated,,,SSD,,,,,,,,,Envy 2-in-1,,,LPDDR5,,,,14 Inches,,,3,,4.4 out of 5 stars,,,,,,,,,,,,,,,,,,,,,,,,,"HP - Envy 2-in-1 14"" Wide Ultra XGA Touch-Screen Laptop - AMD Ryzen 5-16GB Memory - 512GB SSD - Glacier Silver Windows AI: Copilot 14-fa0013dx",$699.00,https://www.amazon.com/HP-2-1-Touch-Screen-14-fa0013dx/dp/B0D8LJKCKF/ref=sr_1_1347?dib=eyJ2IjoiMSJ9.k94AIa9j9CpTsK00VRU2mzBjdKmT1GjFJzdhBNPGFnEmtrpyzWbHkIVM8qde_MFHiCW82vXNs9oCY8QlxGpIIrIcDGWH75aEDgTSCxr2XdNxJrzUlEMO4Lj53y594ZA_pPDca_970KpCvhMaq2YndYCKrAqVMJyTmwGm9Fwpxx3537O5sT0dGUWTVwQa4UWo5E9l3EtA5Ud_imB88hoAYQsCINiasxn2cBiqgR2vzKGIWb7Mjqg0D2BOOgAf3ma8Yu3zvPlaANRomfyw576mlexkE6e29HtU7I8s-sqBr0I.VJOAKQAfPBdRpao8kM687TwVr3LGIZheqcr7d5C8ukY&dib_tag=se&qid=1726999076&s=pc&sr=1-1347
,,,,,,,,,,,,,,,,,,,,,,,,B08R7XLHQ6,Support Stylus,Speakers,,,Windows 10 Pro,,,Lithium Ion,"#10,890 in Computers & Accessories (See Top 100 in Computers & Accessories)  #372 in Renewed Laptops  #1,197 in Renewed Computers & Accessories  #1,472 in Traditional Laptop Computers",,,Lenovo,1st generation,,,,Qualcomm Snapdragon 8cx,Black,"Wi-Fi, USB",Touch,"3.8  3.8 out of 5 stars    
    15 ratings   


 3.8 out of 5 stars",1920x1080,LED,LED,Laptop,,Integrated,,SSD,,,,Touchscreen,[Accessories],,Chiclet,,Lenovo,,,Flex 5G 14Q8CX05,,1920 x 1080 pixels,,,,Windows 10 Pro,,,,,,,8 GB,,DDR4,DDR4 SDRAM,8 GB,1080p,,14 Inches,,,,,,,3,799993804244,,Qualcomm,,,,,"Cellular, Wi-Fi",,,,,,,,,,,,,,,,,,,,,,,214.00,,Lenovo,,,,Black,,,,Integrated,,,SSD,,,,,,,,,,Windows 10 Pro,,,,8 GB,1080p,14 Inches,Support Stylus,,3,,4.5 out of 5 stars,,,,,,,,,,,,,,,,,,,,,,,,,"Lenovo Flex 5G 14"" Touch Snapdragon 8cx 2.84 GHz 8GB Ram 256GB W10P (Renewed)",N/A,https://www.amazon.com/Lenovo-Flex-5G-14Q8CX05-X4-2-84GHz/dp/B08R7XLHQ6/ref=sr_1_1350?dib=eyJ2IjoiMSJ9.FQVvmux1isUXWKUB0ii57Pp-vN58Q1qnP9d_Xk80-tUSVZ3MC2Y3gTj-anRlKojedwUbjp54CiiaU1Hwd36DwdURXPRV4W38KZ7UwsQVgQ4h6fPSQqaATo13Ei9wQ_zkNN8ix5m9WoTG6eLqjoqcalKC6WVvuPKaHAFi_uAW51P8XhwBU4ZrSXqoRYK0YOX4W79SSZG271-_dXIyL_CG2l1weHsRj88f9Bn46yoOR3lxHsRXlSAUgfAz1r__mcohuoXykjqBoeU-q2crWo0Bdhv0D4X_sp7jC6dlGXN47-w.FfH5SiOEtpBPheeEMXbIvc23R72MQr7bXXeax7T9abA&dib_tag=se&qid=1726999079&s=pc&sr=1-1350
,,,,,,,,,,,,,,,,,,,,,,,,B0CTVH5DLX,,Speakers,,,,,,,"#55,267 in Electronics (See Top 100 in Electronics)  #105 in Renewed Home Entertainment  #315 in Renewed Laptops  #1,242 in Traditional Laptop Computers",,,Lenovo,,,,,,Cloud Grey,"Wi-Fi, USB",Touch,"4.2  4.2 out of 5 stars    
    7 ratings   


 4.2 out of 5 stars",3840 x 2160 pixels,,,,Intel Iris,Integrated,,,,,,Touchscreen,,,Gaming,,Lenovo,,IdeaPad Flex 5 16IAU7,,,1920 x 1200,,,,Windows 11 Home,,,Intel,,Core i7,1.7 GHz,8 GB,,LPDDR4X,,,4K,,16 Inches,,,,,,,,840347625326,,Intel,,,,,Wi-Fi,,,,,,,,,,,,,,,,,,,,,,,419.99,,Lenovo,Core i7,1.7 GHz,,Cloud Grey,,,,Integrated,Intel Iris,,,,,,,,,,,IdeaPad Flex 5 16IAU7,Windows 11 Home,,,,8 GB,,16 Inches,,,,,4.2 out of 5 stars,,,,,,,,,,,,,,,,,,,,,,,,,"Lenovo IdeaPad Flex 5 | 16"" WUXGA IPS Touch Laptop | Core i7-1255U | 8GB LPDDR4x RAM | 512GB NVMe M.2 SSD | Backlit Keyboard | Wi-Fi 6 + BT 5.2 | Windows 11 Home (Renewed)",N/A,https://www.amazon.com/Lenovo-IdeaPad-i7-1255U-LPDDR4x-Keyboard/dp/B0CTVH5DLX/ref=sr_1_1359?dib=eyJ2IjoiMSJ9.FQVvmux1isUXWKUB0ii57Pp-vN58Q1qnP9d_Xk80-tUSVZ3MC2Y3gTj-anRlKojedwUbjp54CiiaU1Hwd36DwdURXPRV4W38KZ7UwsQVgQ4h6fPSQqaATo13Ei9wQ_zkNN8ix5m9WoTG6eLqjoqcalKC6WVvuPKaHAFi_uAW51P8XhwBU4ZrSXqoRYK0YOX4W79SSZG271-_dXIyL_CG2l1weHsRj88f9Bn46yoOR3lxHsRXlSAUgfAz1r__mcohuoXykjqBoeU-q2crWo0Bdhv0D4X_sp7jC6dlGXN47-w.FfH5SiOEtpBPheeEMXbIvc23R72MQr7bXXeax7T9abA&dib_tag=se&qid=1726999079&s=pc&sr=1-1359
,,,,,,,,,,,,,,,,,,,,,,,,B0DD824GM2,Numeric Keypad,"internal, Headphone / Mic Combo Jack",Yes,Dual speaker system,Windows 11 Pro,12 Hours,12 Hours,Lithium Ion,"#1,227 in Computers & Accessories (See Top 100 in Computers & Accessories)  #138 in Traditional Laptop Computers",4.2,Yes,HP,13,N4500,4.5 GHz,HD 720p,Intel,Asteroid silver,"USB, Ethernet, HDMI",Touch,"4.4  4.4 out of 5 stars    
    169 ratings   


 4.4 out of 5 stars",1920 x 1080 Pixels,LED,LCD,Netbook,Intel UHD Graphics,Integrated,DDR4 SDRAM,SSD,PCIE x 4,2 TB,Yes,Keyboard,Charger,"14.1""L x 9.5""W x 0.78""Th",Standard,QWERTY,hp,Integrated,250,G9,2024,1920 x 1080 pixels,1,1,7,Windows 11 Home,No Optical Drive,AC adapter,Intel,6,Celeron,2.8 GHz,32 GB,2,DDR4,DDR4 SDRAM,32 GB,1920 x 1080,Matte or Anti-glare,15.6 Inches,250,Dual speakers,Business,2,1,1,3,194850997952,HDMI,Intel,No,Yes,Wi-Fi 5,802.11ac,"Bluetooth, Wi-Fi",,,,,,,,,,,,,,,,,,,,,,,569.99,,HP,Celeron,,,Asteroid silver,,,,Integrated,,,,2 TB,,,,,,,,250,Windows 11 Home,,,,32 GB,,15.6 Inches,Numeric Keypad,,,,4.4 out of 5 stars,,,,,,,,,,,,,,,,,,,,,,,,,"HP Newest G9 Business Laptop, 15.6"" FHD IPS Display, 13th Gen Intel Core 6-core Processor, HDMI, USB-C, SD Card Reader, 1-Year Office 365 Included, Windows 11 Pro (32GB RAM | 1TB SSD)",N/A,https://www.amazon.com/HP-G9-Business-Processor-Included/dp/B0DD824GM2/ref=sr_1_344?dib=eyJ2IjoiMSJ9.hmC7Aztke0ShBkFYjk0Eq5BiSfvjlVv1ekZ3B7zl_rAJEimLAXwDliNfFQxXaBUFc5I1ACfwTsSc7iwmkaVeze87aNo2e9Unx1iM4GAbpX4iCeeE1xkWn4-lbPSphiRo3T_3Rw9YxwxRZImZDuvlinbfoc4iQXxdUa_G6qcX6paRnaDmMF4XyI0gcZOk5vnoeWQTGeKXjphXmke-_CofIhlzS4RXM2-paILJm5eRuiUSXxsfV5ce87jWyjEfLTfnGdOIP51hg8HXeIZ6P1LJZ0_DUdGlHPtf6E3n4zJi3O8.scY6s2HLi-drLJHKPPBxFfNYZJhW5tURjGRPUNFkqpw&dib_tag=se&qid=1726997964&s=pc&sr=1-344
