Additional Details_ASIN,Additional Details_Batteries,Additional Details_Batteries required,Additional Details_Best Sellers Rank,Additional Details_Customer Reviews,Additional Details_Date First Available,Additional Details_Form Factor,Additional Details_Graphics Card Ram Size,Additional Details_Hard Drive Size,Additional Details_Included Components,Additional Details_Is Discontinued By Manufacturer,Additional Details_Item Weight,Additional Details_Item model number,Additional Details_Manufacturer,Additional Details_Number of Ports,Additional Details_Processor Speed,Additional Details_Product Dimensions,Additional Details_Ram Memory Installed Size,Additional Details_Resolution,Additional Details_Scanner Resolution,Additional Details_Specific instructions for use,Additional Details_Standing screen display size,Additional Details_Total Usb Ports,Additional Details_Warranty Description,In Stock,New Product Details_ASIN,New Product Details_Additional Features,New Product Details_Audio Output Type,New Product Details_Audio Recording,New Product Details_Audio features,New Product Details_Automatic Backup Software Included,New Product Details_Average Battery Life (in hours),New Product Details_Batteries,New Product Details_Battery Average Life,New Product Details_Battery Average Life Standby,New Product Details_Battery Cell Type,New Product Details_Best Sellers Rank,New Product Details_Bluetooth Version,New Product Details_Bluetooth support?,New Product Details_Brand,New Product Details_Brand Name,New Product Details_CPU Codename,New Product Details_CPU Model Generation,New Product Details_CPU Model Number,New Product Details_CPU Model Speed Maximum,New Product Details_Cache Memory Installed Size,New Product Details_Camera Description,New Product Details_Card Description,New Product Details_Chipset Brand,New Product Details_Chipset Type,New Product Details_Color,New Product Details_Color Gamut,New Product Details_Computer Memory Type,New Product Details_Connectivity Technology,New Product Details_Control Method,New Product Details_Country of Origin,New Product Details_Customer Reviews,New Product Details_Date First Available,New Product Details_Display Resolution Maximum,New Product Details_Display Technology,New Product Details_Display Type,New Product Details_Flash Memory Size,New Product Details_Form Factor,New Product Details_Front Photo Sensor Resolution,New Product Details_Graphics Card Ram Size,New Product Details_Graphics Coprocessor,New Product Details_Graphics Description,New Product Details_Graphics Ram Type,New Product Details_Hard Disk Description,New Product Details_Hard Disk Interface,New Product Details_Hard Drive,New Product Details_Hard Drive Interface,New Product Details_Hard-Drive Size,New Product Details_Hardware Platform,New Product Details_Has Color Screen,New Product Details_Human-Interface Input,New Product Details_Included Components,New Product Details_Is Electric,New Product Details_Item Dimensions  LxWxH,New Product Details_Item Dimensions L x W x Thickness,New Product Details_Item Weight,New Product Details_Item model number,New Product Details_Keyboard Description,New Product Details_Keyboard Layout,New Product Details_Lithium-Battery Energy Content,New Product Details_Manufacturer,New Product Details_Max Screen Resolution,New Product Details_Maximum Display Brightness,New Product Details_Memory Slots Available,New Product Details_Memory Speed,New Product Details_Microphone Form Factor,New Product Details_Model Name,New Product Details_Model Number,New Product Details_Model Year,New Product Details_Native Resolution,New Product Details_Notebook Pointing Device Description,New Product Details_Number of Drivers,New Product Details_Number of Ethernet Ports,New Product Details_Number of Ports,New Product Details_Number of Processors,New Product Details_Number of USB 2.0 Ports,New Product Details_Number of USB 3.0 Ports,New Product Details_Operating System,New Product Details_Optical Drive Type,New Product Details_Optical Storage Device,New Product Details_Power Device,New Product Details_Power Source,New Product Details_Processor,New Product Details_Processor Brand,New Product Details_Processor Count,New Product Details_Processor Series,New Product Details_Processor Speed,New Product Details_Product Dimensions,New Product Details_RAM,New Product Details_RAM Memory Installed,New Product Details_RAM Memory Slot Total Count,New Product Details_RAM Memory Technology,New Product Details_RAM Type,New Product Details_Ram Memory Maximum Size,New Product Details_Refresh Rate,New Product Details_Resolution,New Product Details_Screen Finish,New Product Details_Screen Resolution,New Product Details_Screen Size,New Product Details_Series,New Product Details_Series Number,New Product Details_Speaker Description,New Product Details_Specific Uses For Product,New Product Details_Standing screen display size,New Product Details_Supported Monitor Maximum Quantity,New Product Details_Total Number of HDMI Ports,New Product Details_Total Thunderbolt Ports,New Product Details_Total Usb Ports,New Product Details_Touchpad Feature,New Product Details_UPC,New Product Details_Video Output,New Product Details_Video Processor,New Product Details_Virtual Reality Ready,New Product Details_Voltage,New Product Details_Webcam Capability,New Product Details_Wi-Fi Generation,New Product Details_Wireless Compability,New Product Details_Wireless Technology,New Product Details_Wireless Type,Other Technical Details_Audio-out Ports (#),Other Technical Details_Batteries,Other Technical Details_Brand,Other Technical Details_Color,Other Technical Details_Computer Memory Type,Other Technical Details_Flash Memory Size,Other Technical Details_Hard Drive Interface,Other Technical Details_Hard Drive Rotational Speed,Other Technical Details_Hardware Platform,Other Technical Details_Item Dimensions  LxWxH,Other Technical Details_Item Weight,Other Technical Details_Item model number,Other Technical Details_Number of Processors,Other Technical Details_Operating System,Other Technical Details_Optical Drive Type,Other Technical Details_Package Dimensions,Other Technical Details_Power Source,Other Technical Details_Processor Brand,Other Technical Details_Product Dimensions,Other Technical Details_Rear Webcam Resolution,Other Technical Details_Series,Other Technical Details_Voltage,Price,Product Details_Battery Cell Composition,Product Details_Brand,Product Details_CPU Model,Product Details_CPU Speed,Product Details_Cache Size,Product Details_Color,Product Details_Connectivity Technology,Product Details_Display Resolution Maximum,Product Details_Display resolution,Product Details_Graphics Card Description,Product Details_Graphics Coprocessor,Product Details_Graphics Processor Manufacturer,Product Details_Hard Disk Description,Product Details_Hard Disk Size,Product Details_Has webcam capability?,Product Details_Human Interface Input,Product Details_Item Weight,Product Details_Lithium Battery Energy Content,Product Details_Manufacturer,Product Details_Memory Slots Available,Product Details_Memory Storage Capacity,Product Details_Model Name,Product Details_Operating System,Product Details_Processor Count,Product Details_RAM Memory Technology,Product Details_RAM Type,Product Details_Ram Memory Installed Size,Product Details_Resolution,Product Details_Screen Size,Product Details_Special Feature,Product Details_Specific Uses For Product,Product Details_Total USB Ports,Product Details_Wireless Communication Technology,Rating,Reviews,Technical Details_ASIN,Technical Details_Average Battery Life (in hours),Technical Details_Batteries,Technical Details_Card Description,Technical Details_Chipset Brand,Technical Details_Country of Origin,Technical Details_Date First Available,Technical Details_Graphics Card Ram Size,Technical Details_Graphics Coprocessor,Technical Details_Hard Drive,Technical Details_Item Weight,Technical Details_Item model number,Technical Details_Manufacturer,Technical Details_Max Screen Resolution,Technical Details_Memory Speed,Technical Details_National Stock Number,Technical Details_Number of USB 2.0 Ports,Technical Details_Number of USB 3.0 Ports,Technical Details_Processor,Technical Details_Product Dimensions,Technical Details_RAM,Technical Details_Screen Resolution,Technical Details_Standing screen display size,Technical Details_Wireless Type,Title,Typical Price,URL,image_url,timestamp
,,,,,,,,,,,,,,,,,,,,,,,,Yes,B0D87RK5Q8,HD Audio,Headphones,Yes,"Standard laptop audio features, including a headphone/microphone combo port.",Microsoft Office,,,5 Hours,,Lithium Polymer,"#2,100 in Computers & Accessories (See Top 100 in Computers & Accessories)  #423 in Traditional Laptop Computers",4.2,Yes,,TPV,Y-series,8,i5-8210Y,3.6 GHz,16 GB,Front,,,,Silver,100,,"Bluetooth, Wi-Fi, USB, HDMI",,,"4.4  4.4 out of 5 stars    
    51 ratings   


 4.4 out of 5 stars",,1920 x 1080 Pixels,LCD,LCD,,Netbook,1 MP,,Intel UHD Graphics 617,Integrated,DDR3 SDRAM,SSD,Serial ATA,,,512 GB,,,Microphone,Power adapter,Yes,,"14.09""L x 8.97""W x 0.86""Th",1.65 Kilograms,,Ergonomic,,5000 Milliampere Hour (mAh),TPV,,300 Nit,1,,Built-in or Webcam,AceBook,AceBook_Silver,2024,1920 x 1080 pixels,Touchpad with multi-touch functionality,,,,,,,Windows 11 Pro,,,Internal Battery,,,Intel,1,Core i5,3.6 GHz,,,16 GB,,DDR3,DDR3 SDRAM,16 GB,60 Hz,1080p,"Matte/Textured, Anti-Glare",,15.6 Inches,,,Basic Speaker System,"Entertainment, Student, Business",,2,,,3,Multi-touch,,mini HDMI,Intel,,7.6 Volts,Yes,Wi-Fi 5,802.11a/b/g/n/ac,"Bluetooth, Wi-Fi",,,,,,,,,,,,,,,,,,,,,,,,309.99,,TPV,Core i5,,,Silver,,,,Integrated,,,,512 GB,,,,,,,,AceBook,Windows 11 Pro,,,,16 GB,,15.6 Inches,HD Audio,,,,4.4,51 ratings,,,,,,,,,,,,,,,,,,,,,,,,,"TPV 15.6"" Laptop Computer (Intel Core i5 / 16GB RAM/ 512GB SSD), MS Office 2024, FHD Display with 100% sRGB Color Gamut, Windows 11 Pro Notebook PC with Dual Band Wi-Fi, Webcam (Silver)",,https://www.amazon.com/sspa/click?ie=UTF8&spc=MToyNTU2ODExODc2NTY2MDA3OjE3MjY5OTc5MTM6c3BfYXRmX2Jyb3dzZTozMDAzMzE1MDUzNjc5MDI6OjA6Og&url=%2FTPV-Computer-Display-Windows-Notebook%2Fdp%2FB0D87RK5Q8%2Fref%3Dsr_1_2_sspa%3Fdib%3DeyJ2IjoiMSJ9.Mxv-LfaT1mRTkqi6GWEFXxFggO64cMc5a5WQAxAoDYKDc12AZYR8P_ulvGvs2fWDJ7_Nm3Q_vhpmjYCsv0OJPJs6Bo1FRX66cFxFfjDS5M6onhimzcAeCOZ3ganbR1ztxCB3tNO3H2yyijUubD6xTB3G5UxB2MqPQQaHrdLyLai29xSPy1hZkKf5Sm2MjOm9tSgk53w2mGq_T8vokhTRQYuN1uCwbBymaj5IEXp_6tzKZ-DZ8lOcjCmWHFWVn2fkST3y58q3_y3AxTbeKQumI-hyzZmMa7tonKGyaYVia00.eFMZpiqa4BbfF8ul13G1oFWFR-jOJGFy_-1DtQHxgmY%26dib_tag%3Dse%26qid%3D1726997913%26s%3Dpc%26sr%3D1-2-spons%26sp_csd%3Dd2lkZ2V0TmFtZT1zcF9hdGZfYnJvd3Nl%26psc%3D1,https://m.media-amazon.com/images/I/818cXcaog9L.__AC_SX300_SY300_QL70_FMwebp_.jpg,2024-12-04 16:23:33
B0DFWGCCBZ,,,"#67,965 in Computers & Accessories (See Top 100 in Computers & Accessories)  #14,731 in Traditional Laptop Computers","5.0  5.0 out of 5 stars    
    6 ratings   


 5.0 out of 5 stars","August 29, 2024",,,,,,,,,,,,,,,,,,,Yes,B0DFWGCCBZ,,,,,,,,,,,"#67,965 in Computers & Accessories (See Top 100 in Computers & Accessories)  #14,731 in Traditional Laptop Computers",,,HP,,,,,,,,Integrated,Intel,,,,DDR5 RAM,,,,"5.0  5.0 out of 5 stars    
    6 ratings   


 5.0 out of 5 stars","August 29, 2024",,,,,,,,Intel Graphics,,,,,1 TB SSD,PCIE x 4,,PC,,,,,14.14 x 9.2 x 0.78 inches,,3.85 pounds,660 G11,,,,,1920 x 1200 Pixels,,,,,,,,,,,,,12,,2,Windows 11 Pro,No Optical Drive,,,,1.3 GHz apple_ci7,Intel,,,,14.14 x 9.2 x 0.78 inches,DDR5,,,,,,,,,,,Elitebook,,,,16 Inches,,,,,,,,,,,,,,,,,,HP,,DDR5 RAM,,PCIE x 4,,PC,14.14 x 9.2 x 0.78 inches,3.85 pounds,660 G11,12,Windows 11 Pro,No Optical Drive,,,Intel,14.14 x 9.2 x 0.78 inches,,Elitebook,,1089.00,,HP,Intel Core i7,,,,,,,Integrated,Intel Graphics,,,1 TB,,,,,,,,Elitebook,Windows 11 Pro,,,,32 GB,,16 Inches,HD Audio,,,,5.0,6 ratings,,,,Integrated,Intel,,,,Intel Graphics,1 TB SSD,,,,1920 x 1200 Pixels,,,,2,1.3 GHz apple_ci7,,DDR5,,16 Inches,,"HP Elitebook 660 G11 16"" FHD+ Business AI Laptop Computer, Intel Ultra 7 155U (Beat i7-1355U), 32GB DDR5 RAM, 1TB PCIe SSD, WiFi 6E, Backlit Keyboard, Fingerprint Reader, Windows 11 Pro Vent-HEA",,https://www.amazon.com/sspa/click?ie=UTF8&spc=MToyNTU2ODExODc2NTY2MDA3OjE3MjY5OTc5MTM6c3BfYXRmX2Jyb3dzZTozMDAzODcyNTQ1NzUwMDI6OjA6Og&url=%2FHP-Elitebook-660-G11-Fingerprint%2Fdp%2FB0DFWDQS11%2Fref%3Dsr_1_3_sspa%3Fdib%3DeyJ2IjoiMSJ9.Mxv-LfaT1mRTkqi6GWEFXxFggO64cMc5a5WQAxAoDYKDc12AZYR8P_ulvGvs2fWDJ7_Nm3Q_vhpmjYCsv0OJPJs6Bo1FRX66cFxFfjDS5M6onhimzcAeCOZ3ganbR1ztxCB3tNO3H2yyijUubD6xTB3G5UxB2MqPQQaHrdLyLai29xSPy1hZkKf5Sm2MjOm9tSgk53w2mGq_T8vokhTRQYuN1uCwbBymaj5IEXp_6tzKZ-DZ8lOcjCmWHFWVn2fkST3y58q3_y3AxTbeKQumI-hyzZmMa7tonKGyaYVia00.eFMZpiqa4BbfF8ul13G1oFWFR-jOJGFy_-1DtQHxgmY%26dib_tag%3Dse%26qid%3D1726997913%26s%3Dpc%26sr%3D1-3-spons%26sp_csd%3Dd2lkZ2V0TmFtZT1zcF9hdGZfYnJvd3Nl%26psc%3D1,https://m.media-amazon.com/images/I/71nSy8Uh8iL.__AC_SX300_SY300_QL70_FMwebp_.jpg,2024-12-04 16:23:36
,,,,,,,,,,,,,,,,,,,,,,,,Yes,B0CX23V2ZK,,,,,,,1 Lithium Polymer batteries required. (included),,,,,,,,,,,,,,,,,,,,,,,,,"March 4, 2024",,,,,,,,,,,,,,,,,,,,,,,2.7 pounds,MRXV3LL/A,,,,Apple,,,,,,,,,,,,,,,,,,,,,,,,,,,11.97 x 8.46 x 0.44 inches,,,,,,,,,,,,,,,,,,,,,,,,,,,,,,,,,,,,,,,,,,,,,,,,,,,,,,N/A,,Apple,Apple M3,,,Midnight,,,,Integrated,,,,256 GB,,,,,,,,MacBook Air,Mac OS,,,,8 GB,,13.6 Inches,Fingerprint Reader,,,,4.7,630 ratings,B0CX23V2ZK,,1 Lithium Polymer batteries required. (included),,,,"March 4, 2024",,,,2.7 pounds,MRXV3LL/A,Apple,,,,,,,11.97 x 8.46 x 0.44 inches,,,,,"Apple 2024 MacBook Air 13-inch Laptop with M3 chip: Built for Apple Intelligence, 13.6-inch Liquid Retina Display, 8GB Unified Memory, 256GB SSD Storage, Backlit Keyboard, Touch ID; Midnight",,https://www.amazon.com/Apple-2024-MacBook-13-inch-Laptop/dp/B0CX23V2ZK/ref=sr_1_4?dib=eyJ2IjoiMSJ9.Mxv-LfaT1mRTkqi6GWEFXxFggO64cMc5a5WQAxAoDYKDc12AZYR8P_ulvGvs2fWDJ7_Nm3Q_vhpmjYCsv0OJPJs6Bo1FRX66cFxFfjDS5M6onhimzcAeCOZ3ganbR1ztxCB3tNO3H2yyijUubD6xTB3G5UxB2MqPQQaHrdLyLai29xSPy1hZkKf5Sm2MjOm9tSgk53w2mGq_T8vokhTRQYuN1uCwbBymaj5IEXp_6tzKZ-DZ8lOcjCmWHFWVn2fkST3y58q3_y3AxTbeKQumI-hyzZmMa7tonKGyaYVia00.eFMZpiqa4BbfF8ul13G1oFWFR-jOJGFy_-1DtQHxgmY&dib_tag=se&qid=1726997913&s=pc&sr=1-4,https://m.media-amazon.com/images/I/71-D1xCuVwL.__AC_SY445_SX342_QL70_FMwebp_.jpg,2024-12-04 16:23:39
,,,,,,,,,,,,,,,,,,,,,,,,Yes,B0CX24BN3L,,,,,,,1 Lithium Polymer batteries required. (included),,,,,,,,,,,,,,,,,,,,,,,China,,"March 4, 2024",,,,,,,,,,,,,,,,,,,,,,,3.3 pounds,MXD43LL/A,,,,Apple,,,,,,,,,,,,,,,,,,,,,,,,,,,13.4 x 9.35 x 0.45 inches,,,,,,,,,,,,,,,,,,,,,,,,,,,,,,,,,,,,,,,,,,,,,,,,,,,,,,1399.00,,Apple,Apple M3,,,Midnight,,,,Integrated,,,,512 GB,,,,,,,,MacBook Air,Mac OS,,,,16 GB,,15.3 Inches,Fingerprint Reader,,,,4.8,322 ratings,B0CX24BN3L,,1 Lithium Polymer batteries required. (included),,,China,"March 4, 2024",,,,3.3 pounds,MXD43LL/A,Apple,,,,,,,13.4 x 9.35 x 0.45 inches,,,,,"Apple 2024 MacBook Air 15-inch Laptop with M3 chip: Built for Apple Intelligence, 15.3-inch Liquid Retina Display, 16GB Unified Memory, 512GB SSD Storage, Backlit Keyboard, Touch ID; Midnight",,https://www.amazon.com/Apple-2024-MacBook-15-inch-Laptop/dp/B0CX24BN3L/ref=sr_1_5?dib=eyJ2IjoiMSJ9.Mxv-LfaT1mRTkqi6GWEFXxFggO64cMc5a5WQAxAoDYKDc12AZYR8P_ulvGvs2fWDJ7_Nm3Q_vhpmjYCsv0OJPJs6Bo1FRX66cFxFfjDS5M6onhimzcAeCOZ3ganbR1ztxCB3tNO3H2yyijUubD6xTB3G5UxB2MqPQQaHrdLyLai29xSPy1hZkKf5Sm2MjOm9tSgk53w2mGq_T8vokhTRQYuN1uCwbBymaj5IEXp_6tzKZ-DZ8lOcjCmWHFWVn2fkST3y58q3_y3AxTbeKQumI-hyzZmMa7tonKGyaYVia00.eFMZpiqa4BbfF8ul13G1oFWFR-jOJGFy_-1DtQHxgmY&dib_tag=se&qid=1726997913&s=pc&sr=1-5,https://m.media-amazon.com/images/I/71O14N5GYLL.__AC_SY445_SX342_QL70_FMwebp_.jpg,2024-12-04 16:23:43
B0B2D77YB8,,,#57 in Computers & Accessories (See Top 100 in Computers & Accessories)  #10 in Traditional Laptop Computers,"4.1  4.1 out of 5 stars    
    1,873 ratings   


 4.1 out of 5 stars","May 26, 2022",,,,,,,,,,,,,,,,,,,Yes,B0B2D77YB8,,,,,,11 Hours,,,,,#57 in Computers & Accessories (See Top 100 in Computers & Accessories)  #10 in Traditional Laptop Computers,,,HP,,,,,,,,Integrated,Intel,,Snowflake White,,DDR4 SDRAM,,,,"4.1  4.1 out of 5 stars    
    1,873 ratings   


 4.1 out of 5 stars","May 26, 2022",,,,64 GB,,,8 GB,Intel UHD Graphics 600,,,,,64 GB SSD,Solid State,,PC,,,,,8.86 x 12.76 x 0.71 inches,,3.24 pounds,HP,,,,,1366 x 768 Pixels,,,2400 MHz,,,,,,,,,,4,,3,Windows 11 Home,No optical storage drive,,,AC & Battery,1.1 GHz celeron_n,Intel,,,,8.86 x 12.76 x 0.71 inches,8 GB DDR4,,,,,,,,,1366 x 768 pixels,,HP Laptop,,,,14 Inches,,,,,,,,,,41 Volts,,,,,"Bluetooth, 802.11a/g/n/ac",,,HP,Snowflake White,DDR4 SDRAM,64 GB,Solid State,,PC,8.86 x 12.76 x 0.71 inches,3.24 pounds,HP,4,Windows 11 Home,No optical storage drive,,AC & Battery,Intel,8.86 x 12.76 x 0.71 inches,,HP Laptop,41 Volts,265.99,,HP,Celeron N,,,Snowflake White,,,,Integrated,Intel UHD Graphics 600,,,64 GB,,,,,,,,HP Laptop,Windows 11 Home,,,,8 GB,,14 Inches,,,,,4.1,"1,873 ratings",,11 Hours,,Integrated,Intel,,,8 GB,Intel UHD Graphics 600,64 GB SSD,,,,1366 x 768 Pixels,2400 MHz,,,3,1.1 GHz celeron_n,,8 GB DDR4,1366 x 768 pixels,14 Inches,"Bluetooth, 802.11a/g/n/ac","HP 14"" Ultral Light Laptop for Students and Business, Intel Quad-Core, 8GB RAM, 192GB Storage(64GB eMMC+128GB Ghost Manta SD Card), 1 Year Office 365, USB C, Win 11 S",,https://www.amazon.com/HP-Students-Business-Quad-Core-Storage/dp/B0B2D77YB8/ref=sr_1_6?dib=eyJ2IjoiMSJ9.Mxv-LfaT1mRTkqi6GWEFXxFggO64cMc5a5WQAxAoDYKDc12AZYR8P_ulvGvs2fWDJ7_Nm3Q_vhpmjYCsv0OJPJs6Bo1FRX66cFxFfjDS5M6onhimzcAeCOZ3ganbR1ztxCB3tNO3H2yyijUubD6xTB3G5UxB2MqPQQaHrdLyLai29xSPy1hZkKf5Sm2MjOm9tSgk53w2mGq_T8vokhTRQYuN1uCwbBymaj5IEXp_6tzKZ-DZ8lOcjCmWHFWVn2fkST3y58q3_y3AxTbeKQumI-hyzZmMa7tonKGyaYVia00.eFMZpiqa4BbfF8ul13G1oFWFR-jOJGFy_-1DtQHxgmY&dib_tag=se&qid=1726997913&s=pc&sr=1-6,https://m.media-amazon.com/images/I/81divYKpeTL.__AC_SY300_SX300_QL70_FMwebp_.jpg,2024-12-04 16:23:48
B0CJB5N9BQ,,,"#1,728 in Computers & Accessories (See Top 100 in Computers & Accessories)  #352 in Traditional Laptop Computers","4.4  4.4 out of 5 stars    
    637 ratings   


 4.4 out of 5 stars","September 19, 2023",,,,,,,,,,,,,,,,,,,Yes,B0CJB5N9BQ,,,,,,10 Hours,1 Lithium Polymer batteries required. (included),,,,"#1,728 in Computers & Accessories (See Top 100 in Computers & Accessories)  #352 in Traditional Laptop Computers",,,Lenovo,,,,,,,,Integrated,AMD,,Gray,,DDR4 SDRAM,,,,"4.4  4.4 out of 5 stars    
    637 ratings   


 4.4 out of 5 stars","September 19, 2023",,,,512 GB,,,,Intel HD Graphics 400,,,,,512 GB SSD,Solid State,,PC,,,,,9.29 x 14.17 x 0.7 inches,,3.52 pounds,82R400EMUS,,,,,1920x1080 Pixels,,,3200 MHz,,,,,,,,,,1,1,1,Windows 11 Home,No DVD,,,,2.1 GHz amd_ryzen_5_5500u,AMD,,,,9.29 x 14.17 x 0.7 inches,8 GB DDR4,,,,,,,,,1920 x 1080 pixels,,"Ideapad 1 15"" - 82R400EMUS",,,,15.6 Inches,,,,,,,,,,7.7 Volts,,,,,802.11bgn,,1 Lithium Polymer batteries required. (included),Lenovo,Gray,DDR4 SDRAM,512 GB,Solid State,,PC,9.29 x 14.17 x 0.7 inches,3.52 pounds,82R400EMUS,1,Windows 11 Home,No DVD,,,AMD,9.29 x 14.17 x 0.7 inches,,"Ideapad 1 15"" - 82R400EMUS",7.7 Volts,402.99,,Lenovo,AMD Ryzen 5 5500U,,,Gray,,,,Integrated,,,,512 GB,,,,,,,,"Ideapad 1 15"" - 82R400EMUS",Windows 11 Home,,,,8 GB,,15.6 Inches,Anti Glare Coating,,,,4.4,637 ratings,,10 Hours,,Integrated,AMD,,,,Intel HD Graphics 400,512 GB SSD,,,,1920x1080 Pixels,3200 MHz,,1,1,2.1 GHz amd_ryzen_5_5500u,,8 GB DDR4,1920 x 1080 pixels,15.6 Inches,802.11bgn,"Lenovo IdeaPad 1 Laptop, 15.6” FHD Display, AMD Ryzen 5 5500U, 8GB RAM, 512GB SSD, Windows 11 Home, 720p Camera w/Privacy Shutter, Smart Noise Cancelling, Cloud Grey",,https://www.amazon.com/Lenovo-IdeaPad-Ryzen5-5500U-1920x1080-Storage/dp/B0CJB5N9BQ/ref=sr_1_7?dib=eyJ2IjoiMSJ9.Mxv-LfaT1mRTkqi6GWEFXxFggO64cMc5a5WQAxAoDYKDc12AZYR8P_ulvGvs2fWDJ7_Nm3Q_vhpmjYCsv0OJPJs6Bo1FRX66cFxFfjDS5M6onhimzcAeCOZ3ganbR1ztxCB3tNO3H2yyijUubD6xTB3G5UxB2MqPQQaHrdLyLai29xSPy1hZkKf5Sm2MjOm9tSgk53w2mGq_T8vokhTRQYuN1uCwbBymaj5IEXp_6tzKZ-DZ8lOcjCmWHFWVn2fkST3y58q3_y3AxTbeKQumI-hyzZmMa7tonKGyaYVia00.eFMZpiqa4BbfF8ul13G1oFWFR-jOJGFy_-1DtQHxgmY&dib_tag=se&qid=1726997913&s=pc&sr=1-7,https://m.media-amazon.com/images/I/51h3oOo7XnL.__AC_SX300_SY300_QL70_FMwebp_.jpg,2024-12-04 16:23:54
B0CRDCXRK2,,,#41 in Computers & Accessories (See Top 100 in Computers & Accessories)  #8 in Traditional Laptop Computers,"4.3  4.3 out of 5 stars    
    1,467 ratings   


 4.3 out of 5 stars","January 3, 2024",,,,,,,,,,,,,,,,,,,Yes,B0CRDCXRK2,,,,,,,1 Lithium Ion batteries required. (included),,,,#41 in Computers & Accessories (See Top 100 in Computers & Accessories)  #8 in Traditional Laptop Computers,,,ASUS,,,,,,,,Dedicated,NVIDIA,,Eclipse Gray,,DDR5 RAM,,,,"4.3  4.3 out of 5 stars    
    1,467 ratings   


 4.3 out of 5 stars","January 3, 2024",,,,1 TB,,,,NVIDIA GeForce RTX 4060,,,,,1 TB SSD,Solid State,,,,,,,13.94 x 0.89 x 10.39 inches,,5.51 pounds,G614JV-AS74,,,,,1366 x 768 pixels,,,4800 MHz,,,,,,,,,,14,,2,Windows 11 Home,,,,,4.9 GHz core_i7,Intel,,,,13.94 x 0.89 x 10.39 inches,16 GB DDR5,,,,,,,,,1366 x 768 pixels,,Strix G16,,,,16 Inches,,,,,,,,,,240 Volts,,,,,802.11ax,,1 Lithium Ion batteries required. (included),ASUS,Eclipse Gray,DDR5 RAM,1 TB,Solid State,,,13.94 x 0.89 x 10.39 inches,5.51 pounds,G614JV-AS74,14,Windows 11 Home,,,,Intel,13.94 x 0.89 x 10.39 inches,,Strix G16,240 Volts,1263.48,,ASUS,Core i7,,,Eclipse Gray,,,,Dedicated,NVIDIA GeForce RTX 4060,,,1 TB,,,,,,,,Strix G16,Windows 11 Home,,,,16 GB,,16 Inches,,,,,4.3,"1,467 ratings",,,,Dedicated,NVIDIA,,,,NVIDIA GeForce RTX 4060,1 TB SSD,,,,1366 x 768 pixels,4800 MHz,,,2,4.9 GHz core_i7,,16 GB DDR5,1366 x 768 pixels,16 Inches,802.11ax,"ASUS ROG Strix G16 (2024) Gaming Laptop, 16” 16:10 FHD 165Hz Display, NVIDIA® GeForce RTX™ 4060, Intel Core i7-13650HX, 16GB DDR5, 1TB PCIe Gen4 SSD, Wi-Fi 6E, Windows 11, G614JV-AS74",,https://www.amazon.com/ASUS-ROG-Strix-Gaming-Laptop/dp/B0CRDCXRK2/ref=sr_1_8?dib=eyJ2IjoiMSJ9.Mxv-LfaT1mRTkqi6GWEFXxFggO64cMc5a5WQAxAoDYKDc12AZYR8P_ulvGvs2fWDJ7_Nm3Q_vhpmjYCsv0OJPJs6Bo1FRX66cFxFfjDS5M6onhimzcAeCOZ3ganbR1ztxCB3tNO3H2yyijUubD6xTB3G5UxB2MqPQQaHrdLyLai29xSPy1hZkKf5Sm2MjOm9tSgk53w2mGq_T8vokhTRQYuN1uCwbBymaj5IEXp_6tzKZ-DZ8lOcjCmWHFWVn2fkST3y58q3_y3AxTbeKQumI-hyzZmMa7tonKGyaYVia00.eFMZpiqa4BbfF8ul13G1oFWFR-jOJGFy_-1DtQHxgmY&dib_tag=se&qid=1726997913&s=pc&sr=1-8,https://m.media-amazon.com/images/I/81GrCeuCzxL.__AC_SY300_SX300_QL70_FMwebp_.jpg,2024-12-04 16:23:59
,,,,,,,,,,,,,,,,,,,,,,,,Yes,B0B3BVWJ6Y,,,,,,,1 Lithium Ion batteries required. (included),,,,,,,,,,,,,,,,,,,,,,,,,"July 8, 2022",,,,,,,,,,,,,,,,,,,,,,,2.7 pounds,MLY33LL/A,,,,Apple,,,,,,,,,,,,,,,,,,,,,,,,,,,11.97 x 8.46 x 0.44 inches,,,,,,,,,,,,,,,,,,,,,,,,,,,,,,,,,,,,,,,,,,,,,,,,,,,,,,N/A,,Apple,Unknown,,,Midnight,,,,Integrated,,,,256 GB,,,,,,,,MacBook Air,Mac OS,,,,8 GB,,13.6 Inches,Backlit Keyboard,,,,4.7,"3,333 ratings",B0B3BVWJ6Y,,1 Lithium Ion batteries required. (included),,,,"July 8, 2022",,,,2.7 pounds,MLY33LL/A,Apple,,,,,,,11.97 x 8.46 x 0.44 inches,,,,,"Apple 2022 MacBook Air Laptop with M2 chip: Built for Apple Intelligence, 13.6-inch Liquid Retina Display, 8GB RAM, 256GB SSD Storage, Backlit Keyboard, 1080p FaceTime HD Camera; Midnight",,https://www.amazon.com/2022-Apple-MacBook-Laptop-chip/dp/B0B3BVWJ6Y/ref=sr_1_9?dib=eyJ2IjoiMSJ9.Mxv-LfaT1mRTkqi6GWEFXxFggO64cMc5a5WQAxAoDYKDc12AZYR8P_ulvGvs2fWDJ7_Nm3Q_vhpmjYCsv0OJPJs6Bo1FRX66cFxFfjDS5M6onhimzcAeCOZ3ganbR1ztxCB3tNO3H2yyijUubD6xTB3G5UxB2MqPQQaHrdLyLai29xSPy1hZkKf5Sm2MjOm9tSgk53w2mGq_T8vokhTRQYuN1uCwbBymaj5IEXp_6tzKZ-DZ8lOcjCmWHFWVn2fkST3y58q3_y3AxTbeKQumI-hyzZmMa7tonKGyaYVia00.eFMZpiqa4BbfF8ul13G1oFWFR-jOJGFy_-1DtQHxgmY&dib_tag=se&qid=1726997913&s=pc&sr=1-9,https://m.media-amazon.com/images/I/719C6bJv8jL.__AC_SY445_SX342_QL70_FMwebp_.jpg,2024-12-04 16:24:02
,,,,,,,,,,,,,,,,,,,,,,,,Yes,B0CM5JV26D,,,,,,,1 Lithium Ion batteries required. (included),,,,,,,,,,,,,,,,,,,,,,,,,"October 30, 2023",,,,,,,,,,,,,,,,,,,,,,,3.5 pounds,MRX33LL/A,,,,Apple,,,,,,,,,,,,,,,,,,,,,,,,,,,12.31 x 8.71 x 0.61 inches,,,,,,,,,,,,,,,,,,,,,,,,,,,,,,,,,,,,,,,,,,,,,,,,,,,,,,N/A,,Apple,Apple M3 Pro,,,Space Black,,,,Integrated,Apple Integrated Graphics,,,512 GB,,,,,,,,MacBook Pro,Mac OS,,,,18 GB,,14.2 Inches,,,,,4.7,656 ratings,B0CM5JV26D,,1 Lithium Ion batteries required. (included),,,,"October 30, 2023",,,,3.5 pounds,MRX33LL/A,Apple,,,,,,,12.31 x 8.71 x 0.61 inches,,,,,"Apple 2023 MacBook Pro Laptop M3 Pro chip with 11‑core CPU, 14‑core GPU: Built for Apple Intelligence, 14.2-inch Liquid Retina XDR Display, 18GB Unified Memory, 512GB SSD Storage; Space Black",,https://www.amazon.com/Apple-MacBook-Laptop-11%E2%80%91core-14%E2%80%91core/dp/B0CM5JV26D/ref=sr_1_10?dib=eyJ2IjoiMSJ9.Mxv-LfaT1mRTkqi6GWEFXxFggO64cMc5a5WQAxAoDYKDc12AZYR8P_ulvGvs2fWDJ7_Nm3Q_vhpmjYCsv0OJPJs6Bo1FRX66cFxFfjDS5M6onhimzcAeCOZ3ganbR1ztxCB3tNO3H2yyijUubD6xTB3G5UxB2MqPQQaHrdLyLai29xSPy1hZkKf5Sm2MjOm9tSgk53w2mGq_T8vokhTRQYuN1uCwbBymaj5IEXp_6tzKZ-DZ8lOcjCmWHFWVn2fkST3y58q3_y3AxTbeKQumI-hyzZmMa7tonKGyaYVia00.eFMZpiqa4BbfF8ul13G1oFWFR-jOJGFy_-1DtQHxgmY&dib_tag=se&qid=1726997913&s=pc&sr=1-10,https://m.media-amazon.com/images/I/61RJn0ofUsL.__AC_SY445_SX342_QL70_FMwebp_.jpg,2024-12-04 16:24:05
B0DCSYTVDD,,,#78 in Computers & Accessories (See Top 100 in Computers & Accessories)  #17 in Traditional Laptop Computers,"4.2  4.2 out of 5 stars    
    139 ratings   


 4.2 out of 5 stars","August 10, 2024",,,,,,,,,,,,,,,,,,,Yes,B0DCSYTVDD,,,,,,,,,,,#78 in Computers & Accessories (See Top 100 in Computers & Accessories)  #17 in Traditional Laptop Computers,,,HP,,,,,,,,Integrated,,,Silver,,DDR4 SDRAM,,,,"4.2  4.2 out of 5 stars    
    139 ratings   


 4.2 out of 5 stars","August 10, 2024",,,,,,,,AMD,,,,,1 TB SSD,PCIE x 4,,PC,,,,,15.78 x 10.15 x 0.78 inches,,5 pounds,255,,,,,1920x1080 Pixels,,,,,,,,,,,,,4,,,Windows 11 Pro,No Optical Drive,,,,4.5 GHz ryzen_3,Intel,,,,15.78 x 10.15 x 0.78 inches,16 GB DDR4,,,,,,,,,1920 x 1080 pixels,,G10,,,,15.6 Inches,,,,,,,,,,,,,,,,,,HP,Silver,DDR4 SDRAM,,PCIE x 4,,PC,15.78 x 10.15 x 0.78 inches,5 pounds,255,4,Windows 11 Pro,No Optical Drive,,,Intel,15.78 x 10.15 x 0.78 inches,,G10,,499.99,,HP,Ryzen 3,,,Silver,,,,Integrated,,,,1 TB,,,,,,,,G10,Windows 11 Pro,,,,16 GB,,15.6 Inches,"HD Audio, WiFi 6 RTL8821CE-M 802.11a/b/g/n/ac (1×1) Wi-Fi® and Bluetooth® 4.2 wireless card, Numeric Keypad   See more",,,,4.2,139 ratings,,,,Integrated,,,,,AMD,1 TB SSD,,,,1920x1080 Pixels,,,,,4.5 GHz ryzen_3,,16 GB DDR4,1920 x 1080 pixels,15.6 Inches,,"HP Newest 255 G10 Laptop for Home or Work, 16GB RAM, 1TB SSD, 15.6"" Full HD, Ryzen 3 7330U (Beat Intel i5-1135G7), Ethernet Port, HDMI, USB-C, Windows 11 Pro, Business and Fun Ready (2024)",,https://www.amazon.com/HP-255-i5-1135G7-Ethernet-Business/dp/B0DCSYTVDD/ref=sr_1_11?dib=eyJ2IjoiMSJ9.Mxv-LfaT1mRTkqi6GWEFXxFggO64cMc5a5WQAxAoDYKDc12AZYR8P_ulvGvs2fWDJ7_Nm3Q_vhpmjYCsv0OJPJs6Bo1FRX66cFxFfjDS5M6onhimzcAeCOZ3ganbR1ztxCB3tNO3H2yyijUubD6xTB3G5UxB2MqPQQaHrdLyLai29xSPy1hZkKf5Sm2MjOm9tSgk53w2mGq_T8vokhTRQYuN1uCwbBymaj5IEXp_6tzKZ-DZ8lOcjCmWHFWVn2fkST3y58q3_y3AxTbeKQumI-hyzZmMa7tonKGyaYVia00.eFMZpiqa4BbfF8ul13G1oFWFR-jOJGFy_-1DtQHxgmY&dib_tag=se&qid=1726997913&s=pc&sr=1-11,https://m.media-amazon.com/images/I/71HYs8c4e-L.__AC_SX300_SY300_QL70_FMwebp_.jpg,2024-12-04 16:24:09
B0CP8D4SM2,,,#75 in Computers & Accessories (See Top 100 in Computers & Accessories)  #16 in Traditional Laptop Computers,"4.4  4.4 out of 5 stars    
    1,202 ratings   


 4.4 out of 5 stars","January 26, 2024",,,,,,,,,,,,,,,,,,,Yes,B0CP8D4SM2,,,,,,,1 Lithium Ion batteries required. (included),,,,#75 in Computers & Accessories (See Top 100 in Computers & Accessories)  #16 in Traditional Laptop Computers,,,acer,,,,,,,,Dedicated,NVIDIA,,Black,,DDR5 RAM,,,,"4.4  4.4 out of 5 stars    
    1,202 ratings   


 4.4 out of 5 stars","January 26, 2024",,,,512 GB,,,6 GB,NVIDIA GeForce RTX 4050,,,,,512 GB SSD,PCIE x 4,,,,,,,14.26 x 0.93 x 9.44 inches,,4.66 pounds,ANV15-51-51H9,,,,,1920x1080,,,,,,,,,,,,,8,,4,Windows 11 Home,,,,Battery Powered,2.1 GHz apple_ci5,Intel,,,,14.26 x 0.93 x 9.44 inches,8 DDR5,,,,,,,,,1920 x 1080 pixels,,Nitro V,,,,15.6 Inches,,,,,,,,,,230 Volts,,,,,"Bluetooth, 802.11ax",,1 Lithium Ion batteries required. (included),acer,Black,DDR5 RAM,512 GB,PCIE x 4,,,14.26 x 0.93 x 9.44 inches,4.66 pounds,ANV15-51-51H9,8,Windows 11 Home,,,Battery Powered,Intel,14.26 x 0.93 x 9.44 inches,,Nitro V,230 Volts,699.99,,acer,Intel Core i5,,,Black,,,,Dedicated,,,,512 GB,,,,,,,,Nitro V,Windows 11 Home,,,,8 GB,,15.6 Inches,Backlit Keyboard,,,,4.4,"1,202 ratings",,,,Dedicated,NVIDIA,,,6 GB,NVIDIA GeForce RTX 4050,512 GB SSD,,,,1920x1080,,,,4,2.1 GHz apple_ci5,,8 DDR5,1920 x 1080 pixels,15.6 Inches,"Bluetooth, 802.11ax","Acer Nitro V Gaming Laptop | Intel Core i5-13420H Processor | NVIDIA GeForce RTX 4050 Laptop GPU | 15.6"" FHD IPS 144Hz Display | 8GB DDR5 | 512GB Gen 4 SSD | WiFi 6 | Backlit KB | ANV15-51-51H9",,https://www.amazon.com/i5-13420H-Processor-GeForce-Display-ANV15-51-51H9/dp/B0CP8D4SM2/ref=sr_1_12?dib=eyJ2IjoiMSJ9.Mxv-LfaT1mRTkqi6GWEFXxFggO64cMc5a5WQAxAoDYKDc12AZYR8P_ulvGvs2fWDJ7_Nm3Q_vhpmjYCsv0OJPJs6Bo1FRX66cFxFfjDS5M6onhimzcAeCOZ3ganbR1ztxCB3tNO3H2yyijUubD6xTB3G5UxB2MqPQQaHrdLyLai29xSPy1hZkKf5Sm2MjOm9tSgk53w2mGq_T8vokhTRQYuN1uCwbBymaj5IEXp_6tzKZ-DZ8lOcjCmWHFWVn2fkST3y58q3_y3AxTbeKQumI-hyzZmMa7tonKGyaYVia00.eFMZpiqa4BbfF8ul13G1oFWFR-jOJGFy_-1DtQHxgmY&dib_tag=se&qid=1726997913&s=pc&sr=1-12,https://m.media-amazon.com/images/I/71F-Wcriq4L.__AC_SY300_SX300_QL70_FMwebp_.jpg,2024-12-04 16:24:14
B0DCP75HZ7,,,"#10,198 in Computers & Accessories (See Top 100 in Computers & Accessories)  #1,826 in Traditional Laptop Computers","4.6  4.6 out of 5 stars    
    3 ratings   


 4.6 out of 5 stars","August 9, 2024",,,,,,,,,,,,,,,,,,,Yes,B0DCP75HZ7,,,,,,,,,,,"#10,198 in Computers & Accessories (See Top 100 in Computers & Accessories)  #1,826 in Traditional Laptop Computers",,,Lenovo,,,,,,,,Integrated,Intel,,Gray,,DDR5 RAM,,,,"4.6  4.6 out of 5 stars    
    3 ratings   


 4.6 out of 5 stars","August 9, 2024",,,,,,,,Intel Integrated Graphics,,,,,512 GB SSD,PCIE x 4,,PC,,,,,14.01 x 9.98 x 0.69 inches,,3.75 pounds,ThinkBook 16 G4+ IAP,,,,,1920 x 1200 Pixels,,,5600 MHz,,,,,,,,,,12,,4,Windows 11 Pro,,,,AC & Battery,4.3 GHz Intel_Mobile_CPU,Intel,,,,14.01 x 9.98 x 0.69 inches,16 GB DDR5,,,,,,,,,,,ThinkBook 16 G4+ IAP,,,,16 Inches,,,,,,,,,,,,,,,,,,Lenovo,Gray,DDR5 RAM,,PCIE x 4,,PC,14.01 x 9.98 x 0.69 inches,3.75 pounds,ThinkBook 16 G4+ IAP,12,Windows 11 Pro,,,AC & Battery,Intel,14.01 x 9.98 x 0.69 inches,,ThinkBook 16 G4+ IAP,,799.00,,Lenovo,Intel Mobile CPU,,,Gray,,,,Integrated,,,,512 GB,,,,,,,,ThinkBook 16 G4+ IAP,Windows 11 Pro,,,,16 GB,,16 Inches,"Backlit Keyboard, Numeric Keypad",,,,4.6,3 ratings,,,,Integrated,Intel,,,,Intel Integrated Graphics,512 GB SSD,,,,1920 x 1200 Pixels,5600 MHz,,,4,4.3 GHz Intel_Mobile_CPU,,16 GB DDR5,,16 Inches,,"Lenovo 2024 Latest ThinkBook 16 G7 Business Laptop, 16"" FHD+ Display, Intel Core Ultra 5 125U, 16GB DDR5 RAM, 512GB SSD, Backlit KB, Webcam, HDMI, Card Reader, Wi-Fi 6, W11 Pro, Grey, 2 Yr Warranty",,https://www.amazon.com/sspa/click?ie=UTF8&spc=MToyNTU2ODExODc2NTY2MDA3OjE3MjY5OTc5MTM6c3BfbXRmX2Jyb3dzZTozMDAzNTc1MDUyNDMyMDI6OjA6Og&url=%2FLenovo-ThinkBook-16-Business-Warranty%2Fdp%2FB0DCP75HZ7%2Fref%3Dsr_1_13_sspa%3Fdib%3DeyJ2IjoiMSJ9.Mxv-LfaT1mRTkqi6GWEFXxFggO64cMc5a5WQAxAoDYKDc12AZYR8P_ulvGvs2fWDJ7_Nm3Q_vhpmjYCsv0OJPJs6Bo1FRX66cFxFfjDS5M6onhimzcAeCOZ3ganbR1ztxCB3tNO3H2yyijUubD6xTB3G5UxB2MqPQQaHrdLyLai29xSPy1hZkKf5Sm2MjOm9tSgk53w2mGq_T8vokhTRQYuN1uCwbBymaj5IEXp_6tzKZ-DZ8lOcjCmWHFWVn2fkST3y58q3_y3AxTbeKQumI-hyzZmMa7tonKGyaYVia00.eFMZpiqa4BbfF8ul13G1oFWFR-jOJGFy_-1DtQHxgmY%26dib_tag%3Dse%26qid%3D1726997913%26s%3Dpc%26sr%3D1-13-spons%26sp_csd%3Dd2lkZ2V0TmFtZT1zcF9tdGZfYnJvd3Nl%26psc%3D1,https://m.media-amazon.com/images/I/71i0qjnAhqL.__AC_SX300_SY300_QL70_FMwebp_.jpg,2024-12-04 16:24:17
